-- phpMyAdmin SQL Dump
-- version 5.1.1
-- https://www.phpmyadmin.net/
--
-- Host: 127.0.0.1
-- Waktu pembuatan: 03 Jun 2022 pada 17.18
-- Versi server: 10.4.22-MariaDB
-- Versi PHP: 8.1.2

SET SQL_MODE = "NO_AUTO_VALUE_ON_ZERO";
START TRANSACTION;
SET time_zone = "+00:00";


/*!40101 SET @OLD_CHARACTER_SET_CLIENT=@@CHARACTER_SET_CLIENT */;
/*!40101 SET @OLD_CHARACTER_SET_RESULTS=@@CHARACTER_SET_RESULTS */;
/*!40101 SET @OLD_COLLATION_CONNECTION=@@COLLATION_CONNECTION */;
/*!40101 SET NAMES utf8mb4 */;

--
-- Database: `db_tubes_sbd`
--

-- --------------------------------------------------------

--
-- Stand-in struktur untuk tampilan `dsa_perbulan`
-- (Lihat di bawah untuk tampilan aktual)
--
CREATE TABLE `dsa_perbulan` (
`tahun_rkat` int(4)
,`pagu_awal` int(11)
,`jan` decimal(38,2)
,`feb` decimal(38,2)
,`mar` decimal(38,2)
,`apr` decimal(38,2)
,`may` decimal(38,2)
,`jun` decimal(38,2)
,`jul` decimal(38,2)
,`aug` decimal(38,2)
,`sep` decimal(38,2)
,`oct` decimal(38,2)
,`nov` decimal(38,2)
,`des` decimal(38,2)
);

-- --------------------------------------------------------

--
-- Stand-in struktur untuk tampilan `dsa_pertahun`
-- (Lihat di bawah untuk tampilan aktual)
--
CREATE TABLE `dsa_pertahun` (
`tahun` int(11)
,`anggaran_awal` int(11)
,`realisasi_anggaran` int(11)
,`realisasipersen` decimal(17,4)
,`sisa_anggaran` int(11)
,`sisaanggaranpersen` decimal(17,4)
);

-- --------------------------------------------------------

--
-- Struktur dari tabel `iku`
--

CREATE TABLE `iku` (
  `kode_iku` int(11) NOT NULL,
  `nama_iku` varchar(255) NOT NULL
) ENGINE=InnoDB DEFAULT CHARSET=utf8mb4;

--
-- Dumping data untuk tabel `iku`
--

INSERT INTO `iku` (`kode_iku`, `nama_iku`) VALUES
(1, 'Persentase kelulusan mahasiswa tepat waktu'),
(2, 'Persentase mata kuliah yang mengunakan pembelajaran daring (blended learning)'),
(3, 'Rating pada QS Star'),
(4, 'Persentase lulusan bersertifikat kompetensi'),
(5, 'Peringkat di QS World University Ranking by Subject in Education'),
(6, 'Persentase keterserapan lulusan'),
(7, 'Peringkat di QS World University Ranking'),
(8, 'Indeks kepuasan pelayanan'),
(9, 'Jumlah Hak Kekayaan Intelektual'),
(10, 'Persentase mahasiswa yang mengikuti student mobility'),
(11, 'Presentase prodi yang menerapkan pembelajaran Merdeka Belajar'),
(12, 'Persentase dosen yang memperoleh rekognisi internasional'),
(13, 'Persentase dosen asing'),
(14, 'Persentase mahasiswa dan lulusan yang memperoleh layanan bimbingan karir /Career Development Centre (CDC)'),
(15, 'Persentase pengguna lulusan yang puas terhadap kinerja lulusan'),
(16, 'Persentase dosen yang memiliki sertifikat kompetensi'),
(17, 'Jumlah laboratorium microteaching'),
(18, 'Jumlah laboratorium terakreditasi dan mendukung inovasi'),
(19, 'Opini Penilaian Laporan Keuangan oleh Akuntan Publik'),
(20, 'Jumlah kerja sama'),
(21, 'Peringkat akreditasi Perguruan Tinggi dari BAN-PT'),
(22, 'Persentase prodi terakreditasi unggul pada level nasiona'),
(23, 'Jumlah prodi terakreditasi Internasional'),
(25, 'Persentase jumlah mahasiswa asing'),
(26, 'Jumlah dosen yang mengikuti lecturer exchange/visiting scholar'),
(27, 'Jumlah Produk Inovasi'),
(28, 'Presentasi kelulusan mahasiswa PPG'),
(29, 'Persentase pegawai yang menjadi anggota asosiasi profesi'),
(30, 'Jumlah dosen yang mengajar di sekolah'),
(31, 'Jumlah jurnal terbitan UPI yang terakreditasi/terindeks nasional'),
(32, 'Jumlah Pusat Unggulan Iptek'),
(33, 'Jumlah jurnal UPI yang terindeks oleh lembaga bereputasi'),
(34, 'Jumlah penelitian yang didanai'),
(35, 'Jumlah sitasi per-dosen'),
(36, 'Jumlah mahasiswa yang terlibat dalam penelitian');

-- --------------------------------------------------------

--
-- Struktur dari tabel `kegiatan`
--

CREATE TABLE `kegiatan` (
  `kode_kegiatan` varchar(255) NOT NULL,
  `kode_iku` int(11) NOT NULL,
  `nama_kegiatan` varchar(255) NOT NULL,
  `deskripsi` text DEFAULT NULL
) ENGINE=InnoDB DEFAULT CHARSET=utf8mb4;

--
-- Dumping data untuk tabel `kegiatan`
--

INSERT INTO `kegiatan` (`kode_kegiatan`, `kode_iku`, `nama_kegiatan`, `deskripsi`) VALUES
('1.1.11.1', 1, 'Pelaksanaan seminar proposal', 'Kegiatan seminar proposal'),
('1.1.11.2', 1, 'Pelaksanaan ujian komprehensif', 'Kegiatan ujian komprehensif'),
('1.1.11.3', 1, 'Pelaksanaan ujian sidang', 'Pelaksanaan ujian sidang'),
('1.1.2.2', 2, 'Pengembangan Pembelajaran dengan memanfaatkan spot UPI', 'Pengembangan pembelajaran dengan memanfaatkan SPOT UPI'),
('1.1.2.3', 2, 'Pengembangan model pembelajaran digital', 'Pengembangan model pembelajaran digital'),
('1.1.2.5', 2, 'Pengembangan Mata Kuliah Daring', 'Kegiatan Pengembangan Mata Kuliah Daring'),
('1.1.3.1', 3, 'Pemeringkatan UPI dalam QS Stars Rating', 'Kegiatan Pemeringkatan UPI dalam QS Stars Rating'),
('1.1.3.3', 4, 'Penguatan  Kemampuan berbahasa asing bagi mahasiswa', 'Pelaksanaan pelatihan bahasa asing, pemberian bantuan kursus, atau pemberian bantuan tes bahasa asing bagi dosen dan mahasiswa'),
('1.1.4.1', 5, 'Pemeringkatan UPI dalam QS World University Ranking by Subject', 'Kegiatan Pemeringkatan UPI dalam QS World University Ranking by Subject'),
('1.1.4.2', 6, 'Pelaksanaan Audit Mutu Internal (AMI) dan Perangkingan Program Studi', 'Penyusunan dokumen pendukung AMI dan perangkingan program studi'),
('1.1.4.3', 6, 'Pengembangan Kurikulum', 'Kegiatan pengembangan kurikulum, termasuk\r\nrevisi kurikulum'),
('1.1.4.4', 6, 'Pengembangan SAP, silabus, bahan ajar, dan buku ajar', 'Kegiatan revisi danvalidasi RPS silabus bahan ajar dan buku ajar'),
('1.1.5.1', 7, 'Webometrics Rangking ', 'Kegiatan Webometrics Ranking'),
('1.1.7.1', 25, 'Penyelenggaraan inbound/outbound student exchange', 'Kegiatan Penyelenggaraan inbound/outbound student exchange'),
('1.1.7.15', 8, 'Pelaksanaan perkuliahan dual modes', 'Kegiatan perkuliahan dual modes'),
('1.1.7.16', 1, 'Penyelenggaraan perkuliahan semester padat', 'Kegiatan perkuliahan semester padat'),
('1.1.7.33', 8, 'Sertifikasi ISO', 'Kegiatan yang mendukung proses sertifikasi ISO, mulai dari proses penyusunan dokumen perolehan sertifikat maupun dalam persiapan survaillance ISO\r\n'),
('1.1.7.40', 9, 'Hibah kompetitif penulisan buku ajar', 'Hibah kompetitif penulisan buku ajar'),
('1.1.8.1', 10, 'Pengembangan dan implementasi program credit transfer', ' Kegiatan pengembangan dan implementasi program credit transfer '),
('1.1.8.4', 10, 'Penyelenggaraan program twinning', 'Kegiatan Penyeleggaraan program twinning'),
('1.1.9.2', 11, 'Pelaksanaan PPL', 'Kegiatan pelaksanaan PPL mahasiswa '),
('1.1.9.3', 11, 'Pelaksanaan PPL luar negri', 'Kegiatan pelaksanaan PPL luar negeri mahasiswa '),
('1.1.9.8', 11, 'Perkuliahan dari dosen tamu DN', 'Kegiatan perkuliahan dari dosen tamu dalam negeri'),
('1.2.1.1', 12, 'Dosen terekognisi internasional', 'Kegiatan yang mendukung dosen terekognisi internasional, antara lain: - Pemakalah seminar internasional - Dosen tamu di universitas LN - Pelatih, wasit, official di event olahraga internasional - Riset bersama dengan universitas LN'),
('1.2.2.1', 26, 'Lecturer exchange', 'Kegiatan Lecturer exchange'),
('1.2.3.3.', 13, 'Perkuliahan dari dosen tamu LN', 'Kegiatan perkuliahan dari dosen tamu luar negeri'),
('1.2.7.1', 8, 'Pelaksanaan bimbingan akademik', 'Kegiatan bimbingan akademik'),
('1.3.1.4', 20, 'Bantuan implementasi kerjasama riset dan publikasi dengan lembaga di luar negeri', 'Bantuan implementasi kerjasama riset dan publikasi dengan lembaga di luar negeri'),
('1.3.11.1', 16, 'Pelatihan dosen di luar negeri', 'Kegiatan Pelatihan dosen di luar negeri'),
('1.4.1.4', 27, 'Pengembangan model dan teknologi pembelajaran', 'Kegiatan Pengembangan model dan teknologi pembelajaran'),
('1.5.1.1', 1, 'Seminar mahasiswa', 'Kegiatan Seminar mahasiswa'),
('1.5.6.1', 1, 'Memfasilitasi prodi linier untuk terintegrasi', 'Kegiatan Memfasilitasi prodi linier untuk terintegrasi'),
('1.6.2.2', 20, 'Kerja sama dengan sekolah mitra', 'Kegiatan Kerja sama dengan sekolah mitra'),
('1.6.5.1', 28, 'Pengembangan program pendidikan profesi', 'Kegiatan Pengembangan program pendidikan profesi'),
('1.6.6.1', 29, 'Kerja sama prodi dengan asosiasi profesi non-guru', 'Kegiatan Kerja sama prodi dengan asosiasi profesi non-guru'),
('1.6.7.1', 30, 'Pelibatan dosen dalam pembelajaran di sekolah laboratorium', 'Kegiatan Pelibatan dosen dalam pembelajaran di sekolah laboratorium'),
('1.6.9.1', 30, 'Kolaborasi guru dan dosen dalam penelitian', 'Kegiatan Kolaborasi guru dan dosen dalam penelitian'),
('2.1.1.3', 31, 'Penyelenggaraan seminar/konferensi nasional', 'Kegiatan Penyelenggaraan seminar/konferensi nasional'),
('2.1.1.4', 31, 'Peningkatan kualitas jurnal online fakultas, departemen, kampus daerah, lembaga, dan UPT', '-'),
('2.1.1.5', 31, 'Pelatihan pengelola jurnal melalui pemanfaatan Open Jurnal System (OJS) rujukan Dikti', 'Kegiatan Pelatihan pengelola jurnal melalui pemanfaatan Open Jurnal System (OJS) rujukan Dikti'),
('2.1.1.6', 31, 'Fasilitasi pengelolaan jurnal ilmiah nasional terakreditasi dan/atau terindeks (termasuk antologi)', 'Kegiatan Fasilitasi pengelolaan jurnal ilmiah nasional terakreditasi dan/atau terindeks (termasuk antologi)'),
('2.1.2.1', 32, 'Redisain roadmap riset pusat kajian', 'Kegiatan Redisain roadma'),
('2.1.2.4', 1, 'Penyelenggaraan seminar/konferensi internasional terindeks MSCEIS', '-'),
('2.1.2.5', 33, ' Penyelenggaraan joint conference', 'Kegiatan Penyelenggaraan joint conference'),
('2.1.2.6', 33, 'Pengembangan jurnal internasional bereputasi', 'Kegiatan Pengembangan jurnal internasional bereputasi'),
('2.1.3.15', 34, 'Pelaksanaan riset oleh KBK', 'Kegiatan Pelaksanaan riset oleh KBK'),
('2.1.3.36', 34, 'Hibah Penelitian', 'Kegiatan Hibah penelitian'),
('2.1.3.4', 34, 'Penulisan artikel bersama dengan peneliti universitas atau lembaga profesional dalam negeri', 'Kegiatan Penulisan artikel bersama dengan peneliti universitas atau lembaga profesional dalam negeri'),
('2.1.3.5', 34, 'Penulisan artikel bersama dengan peneliti universitas atau lembaga profesional luar negeri', 'kegiatan Penulisan artikel bersama dengan peneliti universitas atau lembaga profesional luar negeri'),
('2.1.4.10', 35, 'Pelatihan pengelolaan jurnal ilmiah nasional', 'Kegiatan Pelatihan pengelolaan jurnal ilmiah nasional'),
('2.1.4.2', 35, 'Insentif keikutsertaan seminar dan atau bantuan penyiapan publikasi pada proceeding terindeks', 'Kegiatan Insentif keikutsertaan seminar dan atau bantuan penyiapan publikasi pada proceeding terindeks'),
('2.1.4.6', 35, 'Pelatihan penulisan artikel ilmiah internasional', 'Kegiatan Pelatihan penulisan artikel ilmiah internasional'),
('2.1.4.9', 35, 'Penulisan buku ber-ISBN', 'Kegiatan Penulisan buku ber-ISBN'),
('2.1.7.4', 36, 'Kolaborasi penelitian dosen dan mahasiswa', 'Kegiatan Kolaborasi penelitian dosen dan mahasiswa'),
('2.2.1.1', 27, 'Implementasi hasil penelitian untuk inovasi dan pengembangan PBM', 'Kegiatan Implementasi hasil penelitian untuk inovasi dan pengembangan PBM'),
('2.2.1.3', 34, 'Pelaksanaan riset oleh dosen dan tenaga kependidikan dengan jabatan fungsional tertentu', 'Kegiatan Pelaksanaan riset oleh dosen dan tenaga kependidikan dengan jabatan fungsional tertentu'),
('2.2.1.5', 34, 'Pelaksanaan riset oleh pusat kajian', 'Kegiatan Pelaksanaan riset oleh pusat kajian'),
('2.2.1.6', 1, 'Pelaksanaan riset oleh unit akademik', 'Kegiatan Pelaksanaan riset oleh unit akademik'),
('2.2.2.3', 32, 'Lokakarya penyusunan proposal riset unggulan', 'Kegiatan Lokakarya penyusunan proposal riset unggulan'),
('2.2.2.4', 32, 'Pengembangan roadmap riset KBK', 'Kegiatan Pengembangan roadmap riset KBK'),
('2.2.3.1', 34, 'Pelatihan penulisan artikel ilmiah nasional', 'Kegiatan Pelatihan penulisan artikel ilmiah nasional'),
('2.2.7.1', 35, 'Pelatihan/workshop penulisan buku', 'Kegiatan Pelatihan/workshop penulisan buku'),
('2.3.1.2', 31, 'Pembinaan dan pengelolaan jurnal ilmiah nasional terakreditasi Dikti', 'Kegiatan Pembinaan dan pengelolaan jurnal ilmiah nasional terakreditasi Dikti'),
('2.3.1.5', 31, 'Pengembangan jurnal nasional terakreditasi', 'Kegiatan Pengembangan jurnal nasional terakreditasi'),
('2.5.1.13', 34, 'Seminar hasil penelitian', 'Kegiatan Seminar hasil penelitian'),
('2.6.1.1', 34, 'Penelitian bersama dengan lembaga mitra luar negeri', 'kegiatan Penelitian bersama dengan lembaga mitra luar negeri'),
('4.2.3.2', 14, 'Pelaksanaan tracer study', 'Kegiatan tracer study menyusun instrumen dan mengevaluasi terkait umpan balik alumni, meliputi: - proses dan fasilitas pembelajaran - relevansi pendidikan tinggi dengan pekerjaan - jaminan kualitas perguruan tinggi dalam menentukan kebijakan pendidikan secara nasional - Untuk proses akreditasi, baik nasional maupun internasional - sebagai data penting bagi stakeholders mengenai karakteristik alumni/lulusan - bukti empiris mengenai alumni terkait pekerjaan, awal karir, relevansi pekerjaan alumni dengan pendidikan tinggi - informasi bagi mahasiswa, orang tua, dosen, administrasi pendidikan dan para pelaku pendidikan mengenai alumni/lulusan perguruan tinggi'),
('4.2.3.3', 14, 'Pembekalan Calon Alumni', 'Kegiatan pembekalan calon alumni, antara lain: - pemberian informasi terkait dunia kerja - pendampingan dalam proses pengenalan dunia kerja'),
('4.2.9.1', 15, 'Peningkatan kemitraan dengan pengguna lulusan', 'Kegiatan yang mengarah pada peningkatan kerjas ama dengan pengguna lulusan'),
('5.1.4.1', 29, 'Kerja sama prodi dengan asosiasi profesi', 'Kegiatan Kerja sama prodi dengan asosiasi profesi'),
('5.1.5.14', 16, 'Penguatan  Kemampuan berbahasa asing bagi pegawai', 'Pelaksanaan pelatihan bahasa asing, pemberian bantuan kursus, atau pemberian bantuan tes bahasa asing bagi dosen dan mahasiswa'),
('5.2.11.1', 17, 'Pengembangan laboratorium', 'Kegiatan pengembangan laboratorium baru atau memperbaharui laboratorium yang sudah ada'),
('5.2.3.6', 18, 'Pengadaan alat dan bahan praktikum', 'Pengadaan alat dan bahan praktikum'),
('5.2.3.7', 18, 'Pelaksanaan kunjungan/studi lapangan', 'Kegiatan kunjungan mahasiswa ke sekolah atau perusahaan dalam rangka studi lapangan '),
('5.2.3.8', 19, 'Pelaksanaan praktikum', 'Kegiatan yang mendukung pelaksanaan praktikum, baik untuk pembelian bahan atau kegiatan praktikum di luar kelas '),
('6.1.1.1', 20, 'Peningkatan kerjasama dengan berbagai lembaga di luar negeri', 'Peningkatan kerjasama dengan berbagai lembaga di luar negeri'),
('6.1.1.2', 20, 'Peningkatan kerja sama dengan berbagai lembaga di dalam negeri', 'Peningkatan kerjasama dengan berbagai lembaga di dalam negeri'),
('6.1.1.20', 20, 'Pelaksanaan temu awal dengan lembaga mitra ', ' Kegiatan yang mendukung pelaksanaan praktikum, baik untuk pembelian bahan atau kegiatan praktikum di luar kelas '),
('6.1.1.26', 20, 'Penyelenggaraan kuliah umum/eminence lecture', 'Kegiatan kuliah umum/eminence lecture'),
('6.1.1.6', 20, 'Implementasi kerja sama luar negeri dengan berbagai pihak', 'Implementasi kerjasama luar negeri dengan berbagai pihak'),
('6.1.1.7', 20, 'Implementasi kerja sama dalam negeri dengan berbagai pihak', 'Kegiatan Implementasi kerjasama dalam negeri dengan berbagai pihak'),
('6.1.2.101', 8, 'Pengolahan dan pencetakan ijazah, transkrip nilai, dan SKPI/SKM', 'Kegiatan  dan pencetakan ijazah, transkrip nilai, dan SKPI/SKM'),
('6.1.2.103', 8, 'Pelepasan wisudawan', 'Kegiatan Pelepasan wisudawan'),
('6.1.2.105', 8, 'Penyusunan jadwal perkuliahan', 'Kegiatan penyusunan\r\njadwal perkuliahan'),
('6.1.2.108', 8, 'Koordinasi dan monitoring pelaksanaan perkuliahan, praktikum, dan ujian', 'Kegiatan koordinasi dan monitoring pelaksanaan perkuliahan, praktikum, dan ujian'),
('6.1.2.109', 8, 'Pengadaan buku teks', 'Pengadaan buku teks'),
('6.1.2.110', 8, 'Survey kepuasan mahasiswa', 'Penyusunan instumen dan pengolahan data survey kepuasan mahasiswa'),
('6.1.2.112', 8, 'Penyelenggaraan dan pengelolaan perkuliahan MKDP', 'Penyelenggaraan dan pengelolaan perkuliahan MKDP\r\n'),
('6.1.2.62', 8, 'Pelaksanaan pembekalan perkuliahan awal tahun', 'Kegiatan pembekalan yang dilakukan oleh Fak/SPs/KD dan atau program studi kepada mahasiswa pada awal tahun '),
('6.1.2.71', 8, 'Pelaksanaan perkuliahan', 'Kegiatan persiapan, monitoring, dan evaluasi perkuliahan '),
('6.1.2.88', 8, 'Pelaksanaan UTS/UAS', 'Kegiatan UTS/UAS'),
('6.2.1.18', 21, 'Audit dari SPM', 'Kegiatan yang mendukung proses audit SPM'),
('6.2.2.1', 22, 'Akreditasi program studi BAN PT', 'Persiapan (penyusunan borang, evaluasi diri, dan dokumen pendukung lainnya) dan pelaksanaan akreditasi program studi'),
('6.2.2.13', 22, 'Pengembangan Kapasitas Satuan Kendali Mutu (SKM) dan Gugus Kendali Mutu (GKM)', 'Kegiatan yang mendukung peningkatan fungsi SKM dan GKM, bisa berbentuk workshop atau pelatihan bagi anggota SKM dan GKM'),
('6.2.3.1', 23, 'Akreditasi/sertifikasi internasional program studi', 'Kegiatan Akreditasi/sertifikasi internasional program studi'),
('6.3.3.1', 30, 'Kolaborasi dosen dan guru dalam mengembangkan pembelajaran', 'Kegiatan Kolaborasi dosen dan guru dalam mengembangkan pembelajaran');

-- --------------------------------------------------------

--
-- Struktur dari tabel `kegiatandanmak`
--

CREATE TABLE `kegiatandanmak` (
  `kode_kegiatan` varchar(255) DEFAULT NULL,
  `kode_mak` varchar(255) DEFAULT NULL
) ENGINE=InnoDB DEFAULT CHARSET=utf8mb4;

--
-- Dumping data untuk tabel `kegiatandanmak`
--

INSERT INTO `kegiatandanmak` (`kode_kegiatan`, `kode_mak`) VALUES
('6.2.2.1', '511005'),
('6.2.2.1', '511006'),
('6.2.2.1', '511007'),
('6.2.2.1', '512014'),
('6.2.2.1', '517001'),
('6.2.2.1', '517002'),
('6.2.2.1', '521001'),
('6.2.2.1', '521002'),
('6.2.2.1', '521006'),
('6.2.2.1', '524001'),
('6.2.2.1', '524002'),
('6.2.2.1', '524003'),
('6.2.2.1', '524004'),
('1.1.4.2', '511007'),
('1.1.4.2', '511006'),
('1.1.4.2', '511008'),
('1.1.4.2', '512014'),
('1.1.4.2', '517001'),
('1.1.4.2', '517002'),
('1.1.4.2', '521001'),
('1.1.4.2', '521002'),
('1.1.4.2', '521006'),
('1.1.4.2', '524001'),
('1.1.4.2', '524002'),
('1.1.4.2', '524003'),
('1.1.4.2', '524004'),
('1.1.3.1', '511006'),
('1.1.3.1', '511007'),
('1.1.3.1', '512014'),
('1.1.3.1', '517001'),
('1.1.3.1', '517002'),
('1.1.3.1', '521001'),
('1.1.3.1', '521002'),
('1.1.3.1', '521006'),
('1.1.3.1', '524001'),
('1.1.3.1', '524002'),
('1.1.3.1', '524003'),
('1.1.3.1', '524004'),
('6.2.2.13', '511006'),
('6.2.2.13', '511005'),
('6.2.2.13', '511007'),
('6.2.2.13', '512014'),
('6.2.2.13', '517001'),
('6.2.2.13', '517002'),
('6.2.2.13', '521001'),
('6.2.2.13', '521002'),
('6.2.2.13', '521006'),
('6.2.2.13', '524001'),
('6.2.2.13', '524002'),
('6.2.2.13', '524003'),
('6.2.2.13', '524004'),
('1.1.9.3', '511018'),
('1.1.9.3', '511013'),
('1.1.9.3', '512014'),
('1.1.9.3', '521001'),
('1.1.9.3', '521002'),
('1.1.9.3', '521006'),
('1.1.9.3', '524005'),
('1.1.9.3', '571002'),
('6.1.2.88', '521001'),
('6.1.2.88', '511014'),
('6.1.2.88', '521002'),
('6.1.2.88', '521006'),
('5.2.3.7', '521001'),
('5.2.3.7', '522007'),
('5.2.3.7', '521002'),
('5.2.3.7', '521006'),
('5.2.3.7', '524001'),
('5.2.3.7', '524002'),
('1.1.9.2', '511007'),
('1.1.9.2', '512014'),
('1.1.9.2', '521001'),
('1.1.9.2', '521002'),
('1.1.9.2', '521006'),
('1.1.9.2', '524001'),
('1.1.9.2', '524002'),
('6.1.1.20', '511006'),
('6.1.1.20', '511007'),
('6.1.1.20', '512014'),
('6.1.1.20', '521001'),
('6.1.1.20', '521002'),
('6.1.1.20', '521006'),
('6.1.1.20', '524001'),
('6.1.1.20', '524002'),
('1.1.4.1', '511006'),
('1.1.4.1', '511007'),
('1.1.4.1', '512014'),
('1.1.4.1', '517001'),
('1.1.4.1', '517002'),
('1.1.4.1', '521001'),
('1.1.4.1', '521002'),
('1.1.4.1', '521006'),
('1.1.4.1', '524001'),
('1.1.4.1', '524002'),
('1.1.4.1', '524003'),
('1.1.4.1', '524004'),
('1.1.5.1', '511006'),
('1.1.5.1', '511007'),
('1.1.5.1', '512014'),
('1.1.5.1', '517001'),
('1.1.5.1', '517002'),
('1.1.5.1', '521001'),
('1.1.5.1', '521002'),
('1.1.5.1', '521006'),
('1.1.5.1', '524001'),
('1.1.5.1', '524002'),
('1.1.5.1', '524003'),
('1.1.5.1', '524004'),
('6.2.3.1', '511006'),
('6.2.3.1', '511007'),
('6.2.3.1', '512014'),
('6.2.3.1', '517001'),
('6.2.3.1', '517002'),
('6.2.3.1', '521001'),
('6.2.3.1', '521002'),
('6.2.3.1', '521006'),
('6.2.3.1', '524001'),
('6.2.3.1', '524002'),
('6.2.3.1', '524005'),
('6.2.3.1', '524003'),
('6.2.3.1', '524004'),
('5.1.5.14', '511006'),
('5.1.5.14', '511007'),
('5.1.5.14', '515001'),
('5.1.5.14', '521001'),
('5.1.5.14', '521002'),
('5.1.5.14', '521006'),
('5.1.5.14', '524001'),
('5.1.5.14', '524002'),
('5.1.5.14', '524003'),
('5.1.5.14', '524004'),
('1.1.3.3', '511006'),
('1.1.3.3', '511007'),
('1.1.3.3', '521001'),
('1.1.3.3', '521002'),
('1.1.3.3', '521006'),
('1.1.3.3', '571002'),
('6.1.2.62', '511007'),
('6.1.2.62', '511006'),
('6.1.2.62', '512014'),
('6.1.2.62', '521001'),
('6.1.2.62', '521002'),
('6.1.2.62', '521006'),
('6.1.2.62', '524001'),
('1.1.8.1', '511006'),
('1.1.8.4', '515001'),
('6.1.2.71', '512020'),
('6.1.2.71', '511007'),
('6.1.2.71', '511014'),
('6.1.2.71', '512014'),
('6.1.2.71', '521001'),
('6.1.2.71', '521002'),
('6.1.2.71', '521005'),
('6.1.2.71', '521006'),
('6.1.2.71', '524001'),
('5.2.3.8', '511006'),
('5.2.3.8', '511007'),
('5.2.3.8', '512014'),
('5.2.3.8', '521001'),
('5.2.3.8', '521002'),
('5.2.3.8', '521005'),
('5.2.3.8', '521006'),
('5.2.3.8', '524001'),
('5.2.3.8', '524002'),
('5.2.3.8', '511015'),
('5.2.3.8', '571002'),
('1.1.11.1', '521001'),
('1.1.11.1', '521002'),
('1.1.11.1', '521006'),
('1.1.11.1', '511006'),
('1.1.11.2', '511013'),
('1.1.11.2', '512014'),
('1.1.11.2', '512020'),
('1.1.11.2', '521001'),
('1.1.11.2', '521002'),
('1.1.11.2', '521006'),
('1.1.11.2', '511006'),
('1.1.11.2', '511007'),
('1.1.11.3', '511006'),
('1.1.11.3', '511013'),
('1.1.11.3', '524002'),
('1.1.11.3', '512020'),
('1.1.11.3', '517001'),
('1.1.11.3', '517002'),
('1.1.11.3', '521001'),
('1.1.11.3', '521002'),
('1.1.11.3', '521006'),
('1.1.11.3', '524001'),
('1.1.7.15', '512014'),
('1.1.7.15', '512020'),
('1.1.7.15', '521001'),
('1.1.7.15', '521002'),
('1.1.7.15', '521005'),
('1.1.7.15', '521006'),
('1.1.7.15', '524001'),
('1.1.7.15', '524002'),
('1.1.7.16', '512020'),
('1.1.7.16', '521001'),
('1.1.7.16', '521002'),
('1.1.7.16', '521005'),
('1.1.7.16', '521006'),
('6.1.1.26', '511006'),
('6.1.1.26', '511007'),
('6.1.1.26', '521001'),
('6.1.1.26', '521002'),
('6.1.1.26', '526002'),
('6.1.1.26', '521006'),
('6.1.1.26', '524001'),
('6.1.1.26', '524005'),
('6.1.1.26', '524002'),
('1.1.9.8', '511006'),
('1.1.9.8', '511007'),
('1.1.9.8', '521001'),
('1.1.9.8', '521002'),
('1.1.9.8', '521006'),
('1.1.9.8', '524001'),
('1.1.9.8', '524002'),
('1.2.3.3.', '522008'),
('1.2.3.3.', '511007'),
('1.2.3.3.', '511006'),
('1.2.3.3.', '521001'),
('1.2.3.3.', '521002'),
('1.2.3.3.', '521006'),
('1.2.3.3.', '524001'),
('1.2.3.3.', '524005'),
('1.2.3.3.', '524002'),
('6.1.2.101', '517001'),
('6.1.2.101', '517002'),
('6.1.2.101', '521001'),
('6.1.2.101', '521002'),
('6.1.2.101', '521006'),
('6.1.2.101', '516001'),
('6.1.2.101', '516002'),
('6.1.2.103', '511006'),
('6.1.2.103', '511007'),
('6.1.2.103', '512014'),
('6.1.2.103', '517001'),
('6.1.2.103', '517002'),
('6.1.2.103', '521001'),
('6.1.2.103', '521002'),
('6.1.2.103', '521004'),
('6.1.2.103', '521006'),
('6.1.2.103', '522007'),
('6.1.2.103', '522008'),
('6.1.2.103', '524001'),
('6.1.2.103', '524002'),
('6.1.2.103', '526005'),
('6.1.2.105', '512014'),
('6.1.2.105', '521001'),
('6.1.2.105', '521002'),
('6.1.2.105', '521006'),
('6.1.2.105', '517001'),
('1.1.4.3', '511006'),
('1.1.4.3', '511007'),
('1.1.4.3', '521006'),
('1.1.4.3', '517001'),
('1.1.4.3', '517002'),
('1.1.4.3', '521001'),
('1.1.4.3', '521002'),
('1.1.4.3', '521005'),
('1.1.4.3', '524001'),
('1.1.4.3', '524002'),
('1.1.4.3', '524003'),
('1.1.4.3', '524004'),
('5.2.11.1', '511006'),
('5.2.11.1', '532001'),
('5.2.11.1', '533002'),
('5.2.11.1', '524004'),
('1.1.4.4', '511007'),
('1.1.4.4', '511010'),
('6.1.2.108', '521001'),
('6.1.2.108', '511006'),
('6.1.2.108', '521002'),
('6.1.2.108', '521006'),
('5.2.3.6', '521005'),
('5.2.3.6', '532001'),
('5.2.3.6', '532003'),
('6.1.2.109', '535001'),
('6.1.2.109', '535003'),
('6.1.2.110', '517001'),
('6.1.2.110', '517002'),
('6.1.2.110', '521001'),
('6.1.2.110', '521002'),
('6.1.2.110', '521006'),
('6.1.2.110', '511006'),
('1.1.7.33', '511006'),
('1.1.7.33', '511007'),
('1.1.7.33', '512014'),
('1.1.7.33', '517001'),
('1.1.7.33', '517002'),
('1.1.7.33', '521001'),
('1.1.7.33', '521002'),
('1.1.7.33', '521006'),
('6.1.2.112', '511006'),
('6.1.2.112', '511007'),
('6.1.2.112', '511010'),
('6.1.2.112', '512014'),
('6.1.2.112', '521001'),
('6.1.2.112', '521002'),
('6.1.2.112', '521006'),
('6.1.2.112', '524001'),
('6.1.2.112', '524002'),
('1.1.2.2', '511010'),
('1.1.7.40', '511010'),
('6.2.1.18', '521001'),
('6.2.1.18', '521002'),
('6.2.1.18', '521006'),
('1.1.2.3', '511010'),
('1.1.2.3', '511007'),
('1.1.2.3', '512014'),
('1.1.2.3', '521001'),
('1.1.2.3', '521002'),
('1.1.2.3', '521006'),
('1.2.1.1', '511006'),
('1.2.1.1', '511007'),
('1.2.1.1', '512014'),
('1.2.1.1', '515001'),
('1.2.1.1', '524005'),
('1.2.1.1', '521001'),
('1.2.1.1', '521002'),
('1.2.1.1', '521006'),
('1.2.1.1', '524001'),
('1.2.1.1', '524001'),
('1.2.1.1', '524002'),
('1.2.1.1', '524004'),
('4.2.9.1', '512014'),
('4.2.9.1', '521002'),
('4.2.9.1', '521001'),
('4.2.9.1', '524001'),
('4.2.9.1', '524002'),
('4.2.9.1', '511006'),
('4.2.3.2', '517001'),
('4.2.3.2', '517002'),
('4.2.3.2', '521001'),
('4.2.3.2', '521002'),
('4.2.3.2', '521006'),
('4.2.3.2', '524003'),
('4.2.3.2', '524004'),
('4.2.3.3', '511007'),
('4.2.3.3', '511006'),
('4.2.3.3', '521001'),
('4.2.3.3', '521002'),
('4.2.3.3', '521006'),
('1.2.7.1', '511013'),
('6.1.1.1', '511007'),
('6.1.1.1', '512014'),
('6.1.1.1', '521001'),
('6.1.1.1', '521002'),
('6.1.1.1', '521006'),
('6.1.1.1', '524005'),
('6.1.1.6', '511007'),
('6.1.1.6', '512014'),
('6.1.1.6', '521001'),
('6.1.1.6', '521002'),
('6.1.1.6', '521006'),
('6.1.1.6', '524005'),
('1.3.1.4', '524005'),
('6.1.1.2', '511007'),
('6.1.1.2', '511006'),
('6.1.1.2', '512014'),
('6.1.1.2', '521001'),
('6.1.1.2', '521002'),
('6.1.1.2', '521006'),
('6.1.1.2', '522007'),
('6.1.1.2', '524001'),
('6.1.1.2', '524002'),
('6.1.1.7', '511007'),
('6.1.1.7', '512014'),
('6.1.1.7', '521001'),
('6.1.1.7', '521002'),
('6.1.1.7', '521006'),
('6.1.1.7', '524001'),
('6.1.1.7', '524002'),
('6.1.1.7', '524003'),
('1.1.7.1', '524001'),
('1.1.7.1', '521002'),
('1.1.7.1', '511013'),
('1.1.7.1', '524002'),
('1.1.7.1', '524005'),
('1.1.7.1', '571002'),
('1.2.2.1', '511006'),
('1.2.2.1', '511007'),
('1.2.2.1', '524002'),
('1.2.2.1', '524005'),
('1.3.11.1', '515001'),
('1.3.11.1', '524005'),
('2.2.1.1', '512014'),
('2.2.1.1', '511006'),
('2.2.1.1', '521005'),
('2.2.1.1', '521001'),
('2.2.1.1', '521002'),
('2.2.1.1', '521006'),
('1.4.1.4', '511006'),
('1.4.1.4', '511007'),
('1.4.1.4', '512014'),
('1.4.1.4', '521001'),
('1.4.1.4', '521002'),
('1.4.1.4', '521005'),
('1.4.1.4', '521006'),
('1.4.1.4', '524001'),
('1.4.1.4', '524002'),
('1.4.1.4', '524003'),
('1.4.1.4', '524004'),
('1.4.1.4', '515001'),
('1.1.2.5', '511006'),
('1.1.2.5', '511007'),
('1.1.2.5', '511011'),
('1.5.1.1', '511006'),
('1.5.1.1', '511007'),
('1.5.1.1', '521001'),
('1.5.1.1', '521002'),
('1.5.1.1', '521006'),
('1.5.1.1', '522007'),
('2.1.7.4', '511017'),
('2.1.7.4', '521001'),
('2.1.7.4', '521002'),
('2.1.7.4', '521006'),
('2.1.7.4', '524001'),
('2.1.7.4', '524002'),
('2.1.7.4', '571002'),
('1.1.4.1', '511005'),
('1.1.4.1', '511007'),
('1.1.4.1', '512014'),
('1.1.4.1', '521001'),
('1.1.4.1', '521002'),
('1.1.4.1', '521006'),
('1.5.6.1', '512014'),
('1.5.6.1', '521001'),
('1.5.6.1', '521002'),
('1.5.6.1', '521006'),
('1.6.2.2', '524001'),
('1.6.2.2', '524002'),
('5.1.4.1', '515001'),
('5.1.4.1', '524001'),
('5.1.4.1', '515003'),
('5.1.4.1', '524002'),
('6.3.3.1', '511006'),
('6.3.3.1', '511007'),
('6.3.3.1', '521001'),
('6.3.3.1', '521002'),
('6.3.3.1', '521006'),
('6.3.3.1', '524001'),
('6.3.3.1', '524002'),
('1.6.5.1', '511006'),
('1.6.5.1', '511007'),
('1.6.5.1', '512014'),
('1.6.5.1', '521001'),
('1.6.5.1', '521002'),
('1.6.5.1', '521006'),
('1.6.5.1', '524001'),
('1.6.5.1', '524002'),
('1.6.6.1', '515001'),
('1.6.6.1', '524001'),
('1.6.6.1', '524002'),
('1.6.7.1', '511007'),
('1.6.7.1', '521001'),
('1.6.7.1', '521002'),
('1.6.7.1', '521006'),
('1.6.9.1', '511017'),
('1.6.9.1', '521001'),
('1.6.9.1', '521002'),
('1.6.9.1', '521006'),
('2.1.2.1', '511006'),
('2.1.2.1', '511007'),
('2.1.2.1', '512014'),
('2.1.2.1', '521001'),
('2.1.2.1', '521002'),
('2.1.2.1', '521005'),
('2.1.2.1', '521006'),
('2.2.2.4', '511006'),
('2.2.2.4', '511005'),
('2.2.2.4', '511017'),
('2.2.2.4', '512014'),
('2.2.2.4', '521001'),
('2.2.2.4', '521002'),
('2.2.2.4', '521005'),
('2.2.2.4', '521006'),
('2.2.2.4', '524001'),
('2.2.2.4', '524002'),
('2.2.2.4', '524003'),
('2.2.2.4', '524004'),
('2.2.2.3', '511006'),
('2.2.2.3', '511007'),
('2.2.2.3', '511017'),
('2.2.2.3', '512014'),
('2.2.2.3', '521001'),
('2.2.2.3', '521002'),
('2.2.2.3', '521005'),
('2.2.2.3', '521006'),
('2.2.2.3', '524001'),
('2.2.2.3', '524002'),
('2.2.2.3', '524003'),
('2.2.2.3', '524004'),
('2.2.1.3', '561001'),
('2.2.1.3', '511017'),
('2.1.3.15', '561001'),
('2.1.3.15', '521001'),
('2.1.3.15', '511017'),
('2.2.1.5', '561001'),
('2.2.1.6', '561001'),
('2.2.1.6', '511017'),
('2.1.4.2', '512017'),
('2.1.4.6', '511006'),
('2.1.4.6', '511007'),
('2.1.4.6', '511017'),
('2.1.4.6', '512014'),
('2.1.4.6', '521001'),
('2.1.4.6', '521002'),
('2.1.4.6', '521005'),
('2.1.4.6', '521006'),
('2.1.4.6', '524001'),
('2.1.4.6', '524002'),
('2.1.4.6', '524003'),
('2.1.4.6', '524004'),
('2.1.4.6', '521001'),
('2.2.3.1', '511006'),
('2.2.3.1', '511007'),
('2.2.3.1', '511017'),
('2.2.3.1', '524001'),
('2.2.3.1', '524002'),
('2.2.3.1', '524003'),
('2.2.3.1', '524004'),
('2.2.7.1', '511006'),
('2.2.7.1', '511007'),
('2.2.7.1', '521002'),
('2.2.7.1', '511017'),
('2.2.7.1', '524001'),
('2.2.7.1', '524002'),
('2.2.7.1', '524003'),
('2.2.7.1', '524004'),
('2.1.4.9', '511006'),
('2.1.4.9', '512017'),
('2.1.4.10', '511006'),
('2.1.4.10', '511007'),
('2.1.4.10', '511017'),
('2.1.4.10', '512014'),
('2.1.4.10', '521001'),
('2.1.4.10', '521002'),
('2.1.4.10', '521005'),
('2.1.4.10', '521006'),
('2.1.4.10', '524001'),
('2.1.4.10', '524002'),
('2.1.4.10', '524003'),
('2.1.4.10', '524004'),
('2.3.1.2', '511007'),
('2.3.1.2', '511006'),
('2.3.1.2', '521001'),
('2.3.1.2', '521002'),
('2.3.1.2', '521006'),
('2.3.1.2', '524001'),
('2.3.1.2', '524002'),
('2.1.1.4', '511007'),
('2.1.1.4', '511016'),
('2.1.1.4', '511017'),
('2.1.1.4', '521001'),
('2.1.1.4', '521002'),
('2.1.1.4', '521006'),
('2.1.1.4', '524001'),
('2.1.1.4', '524002'),
('2.1.1.4', '522005'),
('2.1.1.6', '511007'),
('2.1.1.6', '511016'),
('2.1.1.6', '511017'),
('2.1.1.6', '521001'),
('2.1.1.6', '521002'),
('2.1.1.6', '522008'),
('2.1.1.6', '521006'),
('2.1.1.6', '524001'),
('2.1.1.6', '524002'),
('2.2.3.1', '511006'),
('2.2.3.1', '511007'),
('2.2.3.1', '511017'),
('2.2.3.1', '524001'),
('2.2.3.1', '524002'),
('2.2.3.1', '524003'),
('2.2.3.1', '524004'),
('2.2.7.1', '511006'),
('2.2.7.1', '511007'),
('2.2.7.1', '521002'),
('2.2.7.1', '511017'),
('2.2.7.1', '524001'),
('2.2.7.1', '524002'),
('2.2.7.1', '524003'),
('2.2.7.1', '524004'),
('2.1.4.9', '511006'),
('2.1.4.9', '512017'),
('2.1.4.10', '511006'),
('2.1.4.10', '511007'),
('2.1.4.10', '511017'),
('2.1.4.10', '512014'),
('2.1.4.10', '521001'),
('2.1.4.10', '521002'),
('2.1.4.10', '521005'),
('2.1.4.10', '521006'),
('2.1.4.10', '524001'),
('2.1.4.10', '524002'),
('2.1.4.10', '524003'),
('2.1.4.10', '524004'),
('2.3.1.2', '511007'),
('2.3.1.2', '511006'),
('2.3.1.2', '521001'),
('2.3.1.2', '521002'),
('2.3.1.2', '521006'),
('2.3.1.2', '524001'),
('2.3.1.2', '524002'),
('2.1.1.4', '511007'),
('2.1.1.4', '511016'),
('2.1.1.4', '511017'),
('2.1.1.4', '521001'),
('2.1.1.4', '521002'),
('2.1.1.4', '521006'),
('2.1.1.4', '524001'),
('2.1.1.4', '524002'),
('2.1.1.4', '522005'),
('2.1.1.6', '511007'),
('2.1.1.6', '511016'),
('2.1.1.6', '511017'),
('2.1.1.6', '521001'),
('2.1.1.6', '521002'),
('2.1.1.6', '522008'),
('2.1.1.6', '521006'),
('2.1.1.6', '524001'),
('2.1.1.6', '524002'),
('2.3.1.5', '511006'),
('2.3.1.5', '511017'),
('2.3.1.5', '521001'),
('2.3.1.5', '521002'),
('2.3.1.5', '511016'),
('2.3.1.5', '521006'),
('2.3.1.5', '524001'),
('2.3.1.5', '524002'),
('2.3.1.5', '512017'),
('2.1.1.5', '511006'),
('2.1.1.5', '511007'),
('2.1.1.5', '521002'),
('2.1.1.5', '524001'),
('2.1.1.5', '524002'),
('2.1.2.6', '511006'),
('2.1.2.6', '511017'),
('2.1.2.6', '511016'),
('2.1.2.6', '511007'),
('2.1.2.6', '521001'),
('2.1.2.6', '521002'),
('2.1.2.6', '521006'),
('2.1.2.6', '524001'),
('2.1.2.6', '524002'),
('2.1.1.3', '511006'),
('2.1.1.3', '511007'),
('2.1.1.3', '512014'),
('2.1.1.3', '521001'),
('2.1.1.3', '521002'),
('2.1.1.3', '521005'),
('2.1.1.3', '521006'),
('2.1.1.3', '524001'),
('2.1.1.3', '524002'),
('2.1.1.3', '524003'),
('2.1.1.3', '524004'),
('2.1.2.4', '511006'),
('2.1.2.4', '511007'),
('2.1.2.4', '515001'),
('2.1.2.4', '535001'),
('2.1.2.4', '521010'),
('2.1.2.4', '512014'),
('2.1.2.4', '521001'),
('2.1.2.4', '521002'),
('2.1.2.4', '521005'),
('2.1.2.4', '521006'),
('2.1.2.4', '524001'),
('2.1.2.4', '524002'),
('2.1.2.4', '524003'),
('2.1.2.4', '524005'),
('2.1.2.5', '511006'),
('2.1.2.5', '511007'),
('2.5.1.13', '511006'),
('2.5.1.13', '511007'),
('2.5.1.13', '512014'),
('2.5.1.13', '521001'),
('2.5.1.13', '521002'),
('2.5.1.13', '521005'),
('2.5.1.13', '521006'),
('2.5.1.13', '524001'),
('2.5.1.13', '524002'),
('2.5.1.13', '524003'),
('2.5.1.13', '524004'),
('2.1.3.36', '561001'),
('2.1.3.36', '511016'),
('2.6.1.1', '511017'),
('2.6.1.1', '512017'),
('2.6.1.1', '521001'),
('2.6.1.1', '521002'),
('2.6.1.1', '521005'),
('2.6.1.1', '521006'),
('2.6.1.1', '524001'),
('2.6.1.1', '524002'),
('2.6.1.1', '524003'),
('2.6.1.1', '524004'),
('2.1.3.4', '511017'),
('2.1.3.4', '512017'),
('2.1.3.5', '511017'),
('2.1.3.5', '512017');

-- --------------------------------------------------------

--
-- Struktur dari tabel `mak`
--

CREATE TABLE `mak` (
  `kode_mak` varchar(255) NOT NULL,
  `nama_mak` varchar(255) NOT NULL,
  `deskripsi` text DEFAULT NULL
) ENGINE=InnoDB DEFAULT CHARSET=utf8mb4;

--
-- Dumping data untuk tabel `mak`
--

INSERT INTO `mak` (`kode_mak`, `nama_mak`, `deskripsi`) VALUES
('511005', 'Honorarium Kegiatan/Kepanitiaan/Tim (OB)', 'Digunakan untuk mencatat pengakuan pengeluaran kas atas Honorarium Kegiatan/Kepanitian/Tim (OB) yang ditetapkan dengan SK Rektor atau KPA Unit'),
('511006', 'Honorarium Kegiatan/Kepanitiaan/Tim (OK)', 'Digunakan untuk mencatat pengakuan pengeluaran kas atas Honorarium Kegiatan/Kepanitian/Tim (OK) yang ditetapkan dengan SK Rektor atau KPA Unit'),
('511007', 'Honorarium Narasumber/Moderator/Keynote Speaker, Pengajar Diklat, Tutor, Perumus Hasil, dan sejenisnya', 'Digunakan untuk mencatat pengakuan pengeluaran kas atas Honorarium Narasumber/Moderator/Keynote Speaker/Pengajar,Diklat,Tutor dan Sejenisnya untuk kegiatan pendidikan dan pelatihan atau seminar tingkat lokal, nasional maupun internasional'),
('511008', 'Honorarium Kegiatan Audit Internal', 'Digunakan untuk mencatat pengakuan pengeluaran kas atas beban Honorarium kegiatan Audit Internal'),
('511010', 'Honorarium Pengembangan Bahan Ajar/Rencana Pembelajaran Semester', 'Digunakan untuk mencatat pengakuan pengeluaran kas atas beban Honorarium kegiatan Pengembangan Bahan Ajar/Rencana Pembelajaran Semester'),
('511011', 'Honorarium Publikasi Video Pembelajaran', 'Digunakan untuk mencatat pengakuan pengeluaran kas atas beban Honorarium tim publikasi Video Pembelajaran/Profil UPI dan tim penyelenggara pergelaran seni'),
('511013', 'Honorarium Pembimbing Akademik/Tugas Akhir dan Penguji', 'Digunakan untuk mencatat pengakuan\r\npengeluaran kas atas beban Honorarium\r\nPenguji atau Pembimbing Akademik/tugas akhir\r\nuntuk program pendidikan diploma, sarjana\r\nmaupun pasca sarjana, pembimbing untuk\r\nbimbingan skripsi tepat waktu, honorarium atas\r\nkegiatan reviu disertasi, honorarium penguji\r\nkegiatan pelaksanaan seminar proposal dan\r\nujian akhir program pendidikan diploma, sarjana\r\ndan pasca sarjana dan pembimbing kegiatan\r\nkemahasiswan'),
('511014', 'Honorarium Pelaksanaan Ujian/Ujian Tulis', 'Digunakan untuk mencatat pengakuan\r\npengeluaran kas atas beban Honorarium\r\nPelaksanaan Ujian (kelas reguler, kelas\r\ninternasional, kelas pasca sarjana, penerimaan\r\nmahasiswa baru), pelaksana tes keterampilan,\r\npewawancara, pelaksanaan tes dan kursus di\r\nUPT Balai Bahasa, pembuat soal ujian tulis\r\nUTA/UAS (kelas reguler, kelas internasional dan\r\nkelas pascasarjana), pemeriksa hasil ujian tulis\r\nUTS/UAS (kelas reguler, kelas internasional dan\r\nkelas pascasarjana)\r\n'),
('511015', 'Honorarium Mahasiswa Paruh waktu', 'Digunakan untuk mencatat pengakuan pengeluaran kas atas beban Honorarium Mahasiswa yang dipekerjaan paruh waktu di universitas sesuai dengan ketentuan yang berlaku.'),
('511016', 'Honorarium Kegiatan Reviuwer Proposal/Pelaksanaan Penelitian/Pengabdian', 'Digunakan untuk mencatat pengakuan\r\npengeluaran kas atas beban Honorarium atas\r\na. Tim KegiatanPenyusun/Pengembang\r\nJurnal/Majalah/Buletin/Prosiding (Lokal,\r\nNasional dan Internasional)\r\nb. Tim Kegiatan Reviu Proposal/Pelaksana\r\nPenelitian/Pengabdian'),
('511017', 'Honorarium Penelitian dan Bantuan Penulisan Proposal Penelitian', 'Digunakan untuk mencatat pengakuan pengeluaran kas atas beban Honorarium atas Penelitian dan Bantuan untuk Penulisan Proposal'),
('511018', 'Honorarium Kegiatan KKN dan PKL', 'Digunakan untuk mencatat pengakuan pengeluaran kas atas beban Honorarium atas Tim Kegiatan Kuliah Kerja Nyata (KKN), Praktek Pengenalan Lapangan (PPL) dan Praktek Kerja Lapangan (PKL)'),
('512014', 'Insentif Sidang/Uang Saku Rapat', 'Digunakan untuk mencatat pengakuan pengeluaran kas atas beban pemberian insentif kegiatan pada kegiatan:\na. uang saku rapat di dalam kantor di luar jam kerja\nb. rapat rutin/rapat kerja/rapat koordinas Majelis Wali Amanat\nc. Rapat/sidang/pleno/rapat kerja/rapat koordinasi di dalam kantor untuk Senat Akademik, Dewan Guru Besar, dan Komite Audit serta Prosesi Upacara Universitas'),
('512017', 'Insentif Publikasi Karya Ilmiah/Penulisan Buku/Haki', 'Digunakan untuk mencatat pengakuan pengeluaran kas atas beban pemberian insentif kepada dosen atas: a. Publikasi Karya Ilmiah dan Penulisan Buku b. Penerbitan Buku c. Insentif atas Hak Kekayaan Intelektual d. Penulisan Buku Teks Berbahasa Indonesia (ISBN) e. Penulisan Buku Teks Berbahasa Asing f. Publikasi dalam bentuk video'),
('512020', 'Insentif Kelebihan Mengajar', 'Digunakan untuk mencatat pengakuan pengeluaran kas atas beban pemberian insentif atas kelebihan mengajar dan jam praktikum untuk program diploma, sarjana dan pascasarjana kepada dosen perhitungan yang ditetapkan UPI, insentif mengajar dan kuliah individual/kajian mandiri.'),
('515001', 'Belanja Pengembangan Pegawai (Seminar, Pendidikan dan Pelatihan, Sertifikasi, dan Sejenisnya)', 'pengeluaran kas atas beban pendaftaran atau bantuan mengikuti seminar, pendidikan dan pelatihan, serfitikasi atau sejenisnya, diantaranya: a. Seminar Nasional/Internasional/Seminar dengan Prosiding Terindeks Scopus b. Pembinaan Motivasi dan Peningkatan Kinerja Pegawai c. Bantuan Mengikuti Tes dan Uji Kompetensi'),
('515003', 'Belanja Bantuan Keanggotaan Profesi', 'Digunakan untuk mencatat pengakuan pengeluaran kas atas beban bantuan mengikuti keanggotaan profesi'),
('516001', 'Uang Makan Lembur PNS', 'Digunakan untuk mencatat pengakuan pengeluaran kas atas beban uang makan dan uang makan lembur pegawai PNS sesuai dengan peraturan yang berlaku'),
('516002', 'Uang Makan Pegawai Non PNS', 'Digunakan untuk mencatat pengakuan pengeluaran kas atas beban uang makan dan uang makan lembur pegawai non PNS (PT dan PTT) sesuai dengan peraturan yang berlaku'),
('517001', 'Uang Lembur Pegawai PNS', 'Digunakan untuk mencatat pengakuan pengeluaran kas atas beban uang lembur pegawai PNS sesuai dengan aturan yang berlaku'),
('517002', 'Uang Lembur Pegawai Non PNS', 'Digunakan untuk mencatat pengakuan pengeluaran kas atas beban uang lembur pegawai non PNS (PT dan PTT) sesuai dengan aturan yang berlaku'),
('521001', 'Belanja Keperluan Perkantoran', 'Digunakan untuk mencatat pengakuan beban atas pengeluaran kas atas keperluan sehari-hari perkantoran yang secara langsung menunjang kegiatan operasional Kementerian negara/ lembaga, namun tidak menghasilkan barang persediaan yang terdiri antara lain :\na. Satuan biaya yang dikaitkan dengan jumlah pegawai yaitu langganan surat kabar/ berita/majalah, biaya minum/makanan kecil untuk rapat, biaya penerimaan tamu.\nb. Satuan biaya yang tidak dikaitkan dengan jumlah pegawai antara lain biaya satpam/pengaman kantor, komunikasi khusus diplomat, pengurusan penggantian sertifikat tanah yang hilang, pembayaran PBB.\nc. Digunakan untuk mencatat membiayai pengadaan/penggantian inventaris yang berhubungan dengan penyelenggaraan administrasi kantor/satker di bawah nilai kapitalisasi'),
('521002', 'Belanja Pengadaan Bahan Makanan', 'Digunakan untuk mencatat pengakuan pengeluaran kas atas beban pengadaan bahan makanan berat/kudapan (box/prasmanan/jamuan tamu pejabat tingkat menteri/eselon I/pihak eksternal/swasta), serta pemberian uang kopi dan makan sahur untuk petugas keamanan yang melakukan tugas pengamanan di malam hari.'),
('521004', 'Belanja Pengiriman Surat Dinas', 'Digunakan untuk mencatat pengakuan pengeluarna kas atas beban Pengiriman surat menyurat dalam rangka kedinasan yang dibayarkan oleh Kementerian Negara/lembaga.'),
('521005', 'Belanja Bahan / Bahan Praktikum', 'Digunakan untuk mencatat pengakuan pengeluaran kas atas beban pengadaan bahan keperluan kegiatan atau bahan praktikum kegiatan pendidikan'),
('521006', 'Belanja Barang Persediaan', 'Digunakan untuk mencatat pengakuan pengeluaran kas atas beban pengadaan bahan habis pakai untuk kegiatan perkantoran atau pembelian barang yang digunakan untuk menunjang operasional utama suatu unit bisnis tertentu'),
('521010', 'Pembelian Paket internet', '-'),
('522005', 'Belanja Langganan Daya dan Jasa Lainnya', 'Digunakan untuk mencatat pengakuan\r\npengeluaran kas atas Beban langganan daya\r\ndan jasa lainnya, termasuk beban apabila terjadi\r\ndenda atas keterlambatan pembayaran tagihan\r\nlangganan daya dan jasa lainnya'),
('522007', 'Belanja Sewa', 'Digunakan untuk mencatat pengakuan beban\r\nsewa (misalnya sewa kantor/gedung/ruangan,\r\natau sewa lainnya).'),
('522008', 'Belanja Jasa Lainnya', 'Digunakan untuk mencatat pengakuan jasa lainnya yang membutuhkan kemampuan tertentu yang mengutamakan keterampilan (skillware) dalam suatu sistem tata kelola yang telah dikenal luas di dunia usaha untuk menyelesaikan suatu pekerjaan atau segala pekerjaan dan/atau penyediaan jasa selain Jasa Konsultansi, pelaksanaan Pekerjaan Konstruksi dan pengadaan Barang'),
('524001', 'Belanja Perjalanan Dinas dalam Kota', 'a. Digunakan untuk mencatat pengeluaran kas untuk pembayaran uang pengganti transport dalam kota, uang harian perjalanan dinas dalam kota, dan biaya penginapan perjalanan dinas dalam kota sesuai dengan aturan yang berlaku.\nb. Biaya transportasi peserta, panitia/moderator, dan/atau narasumber untuk kegiatan meeting dalam kota\nc. Uang saku peserta, panitia/moderator dan/atau narasumber untuk kegiatan meeting dalam kota\nd. Uang harian dan/atau biaya penginapan peserta, panitia/moderator, dan/atau narasumber untuk kegiatan meeting di dalam kota'),
('524002', 'Belanja Perjalanan Dinas Luar Kota', 'a. Digunakan untuk mencatat biaya tiket perjalanan menuju kota tujuan, uang harian perjalanan dinas luar kota, biaya penginapan perjalanan dinas luar kota, BBM dan tol untuk menuju kota tujuan.\nb. Biaya transportasi peserta, panitia/moderator, dan/atau narasumber untuk kegiatan meeting di luar kota\nc. Uang saku peserta, panitia/moderator dan/atau narasumber untuk kegiatan meeting di luar kota\nd. Uang harian dan/atau biaya penginapan peserta, panitia/moderator, dan/atau narasumber untuk kegiatan meeting di luar kota'),
('524003', 'Belanja Paket Meeting dalam Kota', 'Digunakan untuk mencatat biaya paket meeting yang dilaksanakan secara kontraktual dalam rangka kegiatan rapat, seminar, dan sejenisnya yang dilaksanakan di dalam kota yang meliputi: Biaya paket meeting (halfday/fullday/fullboard);'),
('524004', 'Belanja Paket Meeting Luar Kota', 'Digunakan untuk mencatat biaya paket meeting yang dilaksanakan secara kontraktual dalam rangka kegiatan rapat, seminar, dan sejenisnya yang dilaksanakan di luar kota yang meliputi: Biaya paket meeting (halfday/fullday/fullboard);'),
('524005', 'Belanja Perjalanan Dinas Luar Negeri', 'Digunakan untuk mencatat biaya perjalanan\r\ndinas luar negeri seperti perjalanan dinas dalam\r\nrangka peningkatan Tri Dharma Perguruan\r\nTinggi yang ditugaskan oleh Rektor UPI'),
('526002', 'Belanja Hadiah', 'Digunakan untuk mencatat pengeluaran kas \r\natas beban hadiah untuk pelaksanaan kegiatan perlombaan seperti pordoska atau pembelian cinderamata/souvenir untuk tamu \r\nUPI/purnabakti UPI'),
('526005', 'Pengembalian SSPB', 'Digunakan untuk mencatat pengakuan pengeluaran kas atas penyetoran kelebihan penggunaan reaslisasi anggaran di tahun berjalan'),
('532001', 'Belanja Modal Pengadaan Peralatan dan Mesin', 'Digunakan untuk mencatat pengadaan peralatan dan mesin yang digunakan dalam pelaksanaan kegiatan antara lain biaya pembelian, biaya pengangkutan, biaya instalasi, serta biaya langsung lainnya untuk memperoleh dan mempersiapkan sampai peralatan dan mesin tersebut siap digunakan.\r\n'),
('532003', 'Belanja Modal Honorarium Pengadaan Peralatan dan Mesin', 'Digunakan untuk mencatat pembayaran upah tenaga kerja dan honor pengelola teknis pada saat pengadaan peralatan peralatan dan mesin secara swakelola sampai dengan peralatan dan mesin tersebut siap digunakan'),
('533002', 'Belanja Modal Penambahan Nilai Gedung dan Bangunan', 'Belanja Modal setelah perolehan gedung dan bangunan yang memperpanjang masa manfaat/umur ekonomis, atau yang kemungkinan besar memberi manfaat ekonomis di masa yang akan datang dalam bentuk peningkatan kapasitas, produksi atau peningkatan standar kinerja; dan memenuhi batasan minimun kapitalisasi sesuai dengan peraturan menteri keuangan yang mengatur batasan minimum kapitalisasi.'),
('535001', 'Belanja Pengadaan Barang Modal Lainnya', 'Digunakan untuk mencatat memperoleh Aset\r\nTetap Lainnya dan Aset Lainnya yang tidak\r\ndapat diklasifikasikan dalam belanja modal\r\ntanah, peralatan dan mesin, gedung dan\r\nbangunan, jalan, irigasi dan jaringan. Digunakan\r\nuntuk mencatat memperoleh Aset Tetap Lainnya\r\ndan Aset Lainnya sampai dengan siap\r\ndigunakan. Belanja Modal Lainnya dapat\r\ndigunakan untuk pengadaan software,\r\npengembangan website, pengadaan lisensi\r\nyang memberikan manfaat lebih dari satu tahun\r\nbaik secara swakelola maupun dikontrakkan\r\nkepada Pihak Ketiga. Belanja Modal Lainnya\r\ndapat digunakan untuk pembangunan aset tetap\r\nrenovasi yang akan diserahkan kepada entitas\r\nlain dan masih di lingkungan pemerintah pusat.\r\nUntuk Aset Tetap Renovasi yang nantinya akan\r\ndiserahkan kepada entitas lain berupa Gedung\r\ndan Bangunan mengikuti ketentuan batasan\r\nminimal kapitalisasi. Termasuk dalam belanja\r\nmodal lainnya: pengadaan/pembelian barangbarang kesenian, dan koleksi perpustakaan'),
('535003', 'Belanja Modal Honorarium Pengadaan Barang Modal Lainnya', 'Digunakan untuk mencatat pembayaran upah tenaga kerja dan honor pengelola teknis pada saat pengadaan barang modal lainnya secara swakelola sampai dengan barang modal lainnya tersebut siap digunakan.'),
('561001', 'Hibah Penelitian dan Pengabdian Masyarakat', 'Digunakan untuk membayarkan pengeluaran kas atas hibah penelitian dan pengabdian kepada masyarakat dari dana masyarakat'),
('571002', 'Bantuan Kegiatan Kemahasiswaan', 'Digunakan untuk membayarkan pemberian\r\nbantuan untuk pelaksanaan berbagai\r\nkegiatan/kompetisi kemahasiswaan di tingkat\r\nuniversitas/kabupaten/kota/provinsi/nasional/\r\ninternasional.\r\n');

-- --------------------------------------------------------

--
-- Struktur dari tabel `makdansbu`
--

CREATE TABLE `makdansbu` (
  `kode_mak` varchar(255) DEFAULT NULL,
  `kode_sbu` varchar(255) DEFAULT NULL
) ENGINE=InnoDB DEFAULT CHARSET=utf8mb4;

--
-- Dumping data untuk tabel `makdansbu`
--

INSERT INTO `makdansbu` (`kode_mak`, `kode_sbu`) VALUES
('521006', '57.2.1'),
('521006', '57.2.2'),
('521006', '57.2.3'),
('521006', '57.2.4'),
('521006', '57.2.5'),
('521006', '57.2.6'),
('521006', '57.2.7'),
('522007', '16.1'),
('522007', '16.2'),
('522007', '16.3'),
('522007', '16.4'),
('524001', '15.2.3'),
('524001', '27.2.3'),
('524001', '40.5.1.2.8'),
('524001', '40.5.1.2.9'),
('524001', '40.5.1.2.10'),
('524001', '53.1.7'),
('524001', '53.2.6'),
('524001', '53.2.7'),
('524001', '54.1.3'),
('524001', '72'),
('524001', '73.1.12'),
('524001', '73.2'),
('524001', '73.3'),
('524001', '74'),
('524002', '15.2.1'),
('524002', '15.2.2'),
('524002', '15.2.4'),
('524002', '15.2.5'),
('524002', '40.3.1.3.2'),
('524002', '40.5.1.2.9'),
('524002', '53.1.7'),
('524002', '54.1.3'),
('524002', '72'),
('524002', '73.1'),
('524002', '73.3'),
('524002', '74'),
('524003', '71'),
('524004', '71'),
('524005', '75.1'),
('571002', '43'),
('571002', '44'),
('512014', '4'),
('512014', '5'),
('512014', '6.1'),
('512014', '6.2'),
('512014', '7'),
('515001', '20'),
('515001', '28.2'),
('515001', '32'),
('517001', '3.1'),
('517002', '3.2'),
('517002', '3.1'),
('521001', '57.1'),
('521002', '3.3.5'),
('521002', '8.1'),
('521002', '8.2'),
('521002', '8.3'),
('521002', '8.4'),
('521002', '28.5'),
('521002', '40.4.1.1.2'),
('521002', '40.4.2.4'),
('511005', '2.4.2'),
('511005', '2.5'),
('511005', '2.7'),
('511005', '21.1'),
('511005', '21.1.8'),
('511005', '21.3'),
('511005', '37'),
('511005', '38'),
('511005', '58'),
('511005', '59.1'),
('511005', '59.2'),
('511005', '60'),
('511005', '61'),
('511005', '62'),
('511005', '64'),
('511005', '65.1'),
('511005', '67.1'),
('511005', '68'),
('511005', '69.2'),
('511006', '2.1.1'),
('511006', '2.1.2'),
('511006', '2.1.3'),
('511006', '2.1.4.4'),
('511006', '2.2.1'),
('511006', '2.2.2'),
('511006', '2.2.5'),
('511006', '2.3.1'),
('511006', '2.3.2'),
('511006', '2.6.1'),
('511006', '2.6.2'),
('511006', '2.6.3'),
('511006', '2.8.1'),
('511006', '2.9'),
('511006', '2.10'),
('511006', '2.11'),
('511006', '5.2'),
('511006', '7.3'),
('511006', '10.1.5.1'),
('511006', '10.1.5.3'),
('511006', '10.1.5.5'),
('511006', '10.1.6.7'),
('511006', '10.1.7'),
('511006', '10.2.3.2'),
('511006', '10.2.3.4'),
('511006', '10.2.4.6'),
('511006', '10.2.5'),
('511006', '21.1.7'),
('511006', '21.2'),
('511006', '21.4'),
('511006', '24.1'),
('511006', '35.34'),
('511006', '35.40.1'),
('511006', '36'),
('511006', '39'),
('511006', '63'),
('511006', '66'),
('511007', '2.1.4.3'),
('511007', '2.2.3'),
('511007', '2.4.1'),
('511007', '10.1.1'),
('511007', '10.1.5.2'),
('511007', '10.1.5.4'),
('511007', '10.1.6'),
('511007', '10.2.1'),
('511007', '10.2.3.3'),
('511007', '10.2.4'),
('511007', '17'),
('511007', '27'),
('511007', '54.1'),
('511007', '54.1.4'),
('511007', '54.2'),
('511007', '54.3'),
('511007', '69.17'),
('511007', '69.18'),
('511008', '11.1'),
('511008', '11.2'),
('511008', '11.3'),
('511008', '11.4'),
('511008', '11.5'),
('511013', '40.1'),
('511013', '40.2'),
('511013', '40.4.1.1.1'),
('511013', '40.4.2'),
('511013', '40.5.1.1'),
('511013', '40.5.1.2'),
('511013', '40.6.1'),
('511013', '40.6.2'),
('511013', '42'),
('511013', '45.1.4'),
('511013', '45.2.4'),
('511013', '45.3.4'),
('511013', '45.4.4'),
('511013', '46.2'),
('511013', '48.3.1'),
('511013', '69.7'),
('511013', '69.19'),
('511014', '2.4.7'),
('511014', '35.2'),
('511014', '35.32'),
('511014', '35.33'),
('511014', '35.35'),
('511014', '35.36'),
('511014', '35.37'),
('511014', '35.38'),
('511014', '35.39'),
('511014', '41.1.1'),
('511014', '41.1.2'),
('511014', '41.2'),
('511014', '41.2.3'),
('511015', '47.1'),
('511015', '47.2'),
('511015', '47.3'),
('511015', '47.4'),
('511018', '53.1'),
('511018', '53.2.1'),
('511018', '53.2.2'),
('511018', '53.2.8'),
('511018', '53.2.9'),
('516001', '3.3'),
('516001', '9.3'),
('516001', '28.6'),
('516002', '3.3'),
('516002', '28.6'),
('516002', '9.1'),
('516002', '9.2'),
('511010', '13'),
('535003', '1.10.1.2'),
('535003', '1.10.1.3'),
('511011', '23.1'),
('511011', '23.2.1'),
('511011', '23.2.2'),
('511017', '18.1'),
('511017', '18.2.1'),
('511017', '18.2.2'),
('511017', '18.2.3'),
('511017', '52'),
('511017', '52.2'),
('511017', '18.1'),
('511017', '18.2.1.1'),
('511017', '18.2.2.1'),
('511017', '18.2.2.8'),
('511017', '18.2.3.1'),
('511017', '18.2.3.8'),
('511017', '52.1'),
('511017', '52.2'),
('512017', '19.1'),
('512017', '19.2'),
('512017', '19.3'),
('512017', '19.4'),
('512017', '19.5'),
('561001', '51'),
('511016', '18.2.1.6'),
('511016', '18.2.1.7'),
('511016', '18.2.1.8'),
('511016', '50');

-- --------------------------------------------------------

--
-- Struktur dari tabel `pagu`
--

CREATE TABLE `pagu` (
  `id_pagu` int(11) NOT NULL,
  `tahun` int(11) NOT NULL,
  `anggaran_awal` int(11) NOT NULL,
  `realisasi_anggaran` int(11) NOT NULL,
  `sisa_anggaran` int(11) NOT NULL
) ENGINE=InnoDB DEFAULT CHARSET=utf8mb4;

--
-- Dumping data untuk tabel `pagu`
--

INSERT INTO `pagu` (`id_pagu`, `tahun`, `anggaran_awal`, `realisasi_anggaran`, `sisa_anggaran`) VALUES
(1, 2021, 500000000, 407927000, 92073000),
(2, 2022, 600000000, 448625000, 151375000),
(3, 2020, 700000000, 646623000, 53377000);

-- --------------------------------------------------------

--
-- Struktur dari tabel `pengajuan`
--

CREATE TABLE `pengajuan` (
  `id_pengajuan` int(11) NOT NULL,
  `id_rkat` int(11) DEFAULT NULL,
  `kode_iku` int(11) NOT NULL,
  `kode_kegiatan` varchar(255) NOT NULL,
  `kode_mak` varchar(255) NOT NULL,
  `kode_sbu` varchar(255) NOT NULL,
  `anggaran` int(11) DEFAULT NULL
) ENGINE=InnoDB DEFAULT CHARSET=utf8mb4;

--
-- Dumping data untuk tabel `pengajuan`
--

INSERT INTO `pengajuan` (`id_pengajuan`, `id_rkat`, `kode_iku`, `kode_kegiatan`, `kode_mak`, `kode_sbu`, `anggaran`) VALUES
(1, 2, 1, '1.1.11.3', '524002', '15.2.4', 400000),
(2, 2, 8, '6.1.2.110', '521002', '8.4', 720000),
(3, 3, 29, '5.1.4.1', '515001', '28.2', 14700000),
(4, 3, 7, '1.1.5.1', '517002', '3.2', 68000),
(5, 5, 15, '4.2.9.1', '512014', '5', 300000),
(6, 6, 8, '6.1.2.71', '511014', '2.4.7', 75000),
(7, 7, 6, '1.1.4.4', '511007', '54.1.4', 525000),
(8, 8, 18, '5.2.3.7', '521001', '57.1', 700000),
(9, 9, 1, '1.1.11.3', '511013', '48.3.1', 500000),
(11, 11, 33, '2.1.2.5', '511007', '17', 450000),
(12, 12, 11, '1.1.9.3', '512014', '7', 1250000),
(13, 13, 10, '1.1.8.4', '515001', '32', 14000000),
(14, 14, 3, '1.1.3.1', '512014', '7', 3750000),
(15, 15, 15, '4.2.9.1', '512014', '7', 2500000),
(16, 16, 16, '5.1.5.14', '511006', '2.1.2', 7500000),
(17, 17, 6, '1.1.4.2', '511007', '54.1.4', 525000),
(18, 18, 2, '1.1.2.2', '511010', '13', 8000000),
(19, 19, 14, '4.2.3.3', '511007', '54.2', 22500000),
(20, 20, 26, '1.2.2.1', '511006', '2.9', 1800000),
(21, 21, 15, '4.2.9.1', '521002', '8.4', 360000),
(22, 22, 35, '2.1.4.10', '524001', '73.3', 1650000),
(23, 23, 5, '1.1.4.1', '511007', '10.2.1', 7056000),
(26, 26, 22, '6.2.2.1', '512014', '6.1', 900000),
(27, 27, 27, '1.4.1.4', '511007', '2.4.1', 340000),
(28, 28, 15, '4.2.9.1', '512014', '4', 1900000),
(29, 29, 10, '1.1.8.1', '511006', '2.9', 600000),
(31, 31, 28, '1.6.5.1', '521006', '57.2.3', 750000),
(32, 32, 1, '1.1.11.1', '521001', '57.1', 1400000),
(33, 33, 31, '2.1.1.5', '511007', '54.1.4', 525000),
(34, 34, 27, '1.4.1.4', '511007', '10.1.1', 6800000),
(35, 35, 34, '2.1.3.15', '521001', '57.1', 1400000),
(36, 36, 4, '1.1.3.3', '511006', '2.1.2', 5000000),
(37, 37, 32, '2.2.2.3', '511007', '10.2.4', 1575000),
(38, 38, 29, '1.6.6.1', '524002', '15.2.2', 600000),
(39, 39, 31, '2.1.1.4', '524001', '53.2.7', 600000),
(40, 40, 9, '1.1.7.40', '511010', '13', 8000000),
(41, 41, 31, '2.1.1.3', '511006', '2.6.1', 5000000),
(42, 42, 26, '1.2.2.1', '524002', '15.2.4', 300000),
(43, 43, 14, '4.2.3.3', '511006', '2.1.1', 6000000),
(44, 44, 2, '1.1.2.3', '512014', '4', 4750000),
(45, 45, 26, '1.2.2.1', '511007', '10.2.1', 7056000),
(46, 46, 30, '1.6.7.1', '511007', '27', 2400000),
(47, 47, 31, '2.1.1.4', '511007', '10.2.4', 1050000),
(48, 48, 2, '1.1.2.3', '512014', '5', 1800000),
(49, 49, 32, '2.2.2.3', '511017', '18.2.2.8', 1600000),
(50, 50, 35, '2.1.4.2', '512017', '19.4', 40000000),
(51, 50, 1, '1.1.11.3', '524002', '15.2.4', 400000),
(52, 50, 8, '6.1.2.110', '521002', '8.4', 720000),
(53, 51, 5, '1.1.4.1', '512014', '7', 1250000),
(54, 51, 27, '2.2.1.1', '511006', '2.1.4.4', 7500000),
(55, 52, 34, '2.2.1.5', '561001', '51', 100000000),
(56, 52, 34, '2.2.1.3', '561001', '51', 250000000),
(57, 52, 32, '2.2.2.3', '511007', '54.2', 37500000),
(58, 53, 8, '6.1.2.108', '521002', '8.1', 130000),
(59, 53, 36, '2.1.7.4', '511017', '18.2.2', 6575000),
(60, 54, 7, '1.1.5.1', '521006', '57.2.7', 500000),
(61, 54, 14, '4.2.3.3', '511006', '2.10', 1250000),
(62, 54, 18, '5.2.3.7', '521001', '57.1', 3500000),
(63, 55, 13, '1.2.3.3.', '524001', '72', 25500000),
(64, 56, 25, '1.1.7.1', '511013', '40.1', 500000),
(65, 56, 4, '1.1.3.3', '511007', '54.1', 15800000),
(66, 56, 11, '1.1.9.3', '512014', '4', 950000),
(67, 57, 36, '2.1.7.4', '511017', '18.2.1.1', 700000),
(68, 57, 17, '5.2.11.1', '511006', '2.3.2', 2000000),
(69, 57, 35, '2.1.4.2', '512017', '19.1', 10000000),
(70, 58, 9, '1.1.7.40', '511010', '13', 20000000),
(71, 58, 33, '2.1.2.5', '511006', '2.2.2', 7000000),
(72, 58, 3, '1.1.3.1', '511007', '10.2.4', 525000),
(73, 59, 2, '1.1.2.5', '511006', '36', 1000000),
(74, 59, 11, '1.1.9.8', '511006', '2.1.2', 12500000),
(75, 60, 28, '1.6.5.1', '511006', '2.3.2', 20000000),
(76, 60, 17, '5.2.11.1', '524004', '71', 6594000),
(77, 61, 27, '1.4.1.4', '521001', '57.1', 3500000),
(78, 61, 28, '1.6.5.1', '521002', '8.3', 350000),
(79, 62, 9, '1.1.7.40', '511010', '13', 8000000),
(80, 63, 32, '2.2.2.3', '524002', '73.3', 1650000),
(81, 63, 16, '5.1.5.14', '524004', '71', 2198000),
(82, 64, 18, '5.2.3.7', '521006', '57.2.2', 150000),
(83, 65, 10, '1.1.8.1', '511006', '2.11', 1050000),
(84, 66, 33, '2.1.2.5', '511006', '36', 2000000),
(85, 67, 34, '2.1.3.15', '521001', '57.1', 4900000),
(86, 67, 34, '2.5.1.13', '524003', '71', 2198000),
(87, 68, 30, '1.6.9.1', '511017', '52.1', 1500000),
(88, 69, 21, '6.2.1.18', '521002', '8.1', 1300000),
(89, 70, 32, '2.2.2.4', '524004', '71', 4396000),
(90, 71, 11, '1.1.9.3', '511018', '53.2.2', 750000),
(91, 72, 22, '6.2.2.13', '511005', '21.1.8', 500000),
(92, 73, 30, '1.6.9.1', '511017', '52', 1120000),
(93, 74, 34, '2.5.1.13', '511007', '2.1.4.3', 10500000),
(94, 74, 32, '2.1.2.1', '511007', '10.2.3.3', 1176000),
(95, 74, 28, '1.6.5.1', '521002', '8.3', 875000),
(96, 75, 2, '1.1.2.3', '511007', '10.1.5.4', 1764000),
(97, 75, 10, '1.1.8.4', '515001', '28.2', 4200000),
(98, 76, 7, '1.1.5.1', '521006', '57.2.5', 500000),
(99, 76, 6, '1.1.4.3', '521006', '57.2.2', 750000),
(100, 77, 13, '1.2.3.3.', '511006', '2.1.3', 10000000),
(101, 77, 4, '1.1.3.3', '521002', '8.3', 1225000),
(102, 78, 12, '1.2.1.1', '515001', '20', 55000000),
(103, 79, 16, '5.1.5.14', '524003', '71', 6594000),
(104, 80, 11, '1.1.9.2', '511007', '2.1.4.3', 3000000),
(105, 81, 1, '1.1.11.1', '521001', '57.1', 5600000),
(106, 81, 1, '1.1.11.1', '521002', '3.3.5', 450000),
(107, 82, 8, '1.1.7.33', '511006', '2.1.3', 5000000),
(108, 83, 12, '1.2.1.1', '511007', '2.1.4.3', 3000000),
(109, 84, 31, '2.1.1.3', '511007', '10.1.5.4', 588000),
(110, 85, 16, '5.1.5.14', '521006', '57.2.3', 750000),
(111, 85, 15, '4.2.9.1', '521001', '57.1', 3500000),
(112, 86, 2, '1.1.2.3', '511007', '2.2.3', 4000000),
(113, 86, 1, '1.1.11.3', '511006', '2.1.4.4', 2500000),
(114, 87, 17, '5.2.11.1', '524004', '71', 2198000),
(115, 88, 11, '1.1.9.2', '512014', '6.1', 300000),
(116, 88, 11, '1.1.9.3', '524005', '75.1', 75000000),
(117, 88, 11, '1.1.9.2', '521002', '28.5', 50000),
(118, 89, 11, '1.1.9.3', '512014', '7', 1250000),
(119, 90, 10, '1.1.8.1', '511006', '7.3', 500000),
(120, 91, 35, '2.1.4.9', '511006', '7.3', 1500000),
(121, 91, 9, '1.1.7.40', '511010', '13', 8000000),
(122, 92, 5, '1.1.4.1', '511007', '54.2', 30000000),
(123, 93, 17, '5.2.11.1', '511006', '2.1.2', 2500000),
(124, 94, 12, '1.2.1.1', '524005', '75.1', 25000000),
(125, 94, 7, '1.1.5.1', '524002', '72', 12750000),
(126, 95, 21, '6.2.1.18', '521001', '57.1', 3500000),
(128, 96, 11, '1.1.9.3', '521002', '8.3', 1750000),
(129, 96, 5, '1.1.4.1', '511007', '10.1.1', 1700000),
(130, 97, 30, '6.3.3.1', '521002', '28.5', 300000),
(131, 97, 34, '2.2.3.1', '524004', '71', 2198000),
(132, 98, 30, '6.3.3.1', '521006', '57.2.3', 450000),
(133, 98, 11, '1.1.9.8', '521001', '57.1', 4200000),
(134, 99, 33, '2.1.2.5', '511006', '2.2.2', 3500000),
(135, 100, 31, '2.1.1.5', '511007', '10.2.1', 3528000),
(136, 101, 1, '1.1.11.3', '524002', '15.2.4', 400000),
(137, 101, 8, '6.1.2.110', '521002', '8.4', 720000),
(138, 102, 5, '1.1.4.1', '511007', '10.2.4', 3675000),
(139, 102, 1, '1.1.11.2', '511013', '45.3.4', 10000000),
(140, 103, 8, '6.1.2.110', '521002', '40.4.1.1.2', 200000),
(141, 103, 5, '1.1.4.1', '521002', '8.4', 720000),
(142, 103, 6, '1.1.4.3', '524001', '73.1.12', 5740000),
(143, 104, 12, '1.2.1.1', '521001', '57.1', 4200000),
(144, 104, 10, '1.1.8.4', '515001', '20', 330000000),
(145, 104, 17, '5.2.11.1', '511006', '2.6.1', 20000000),
(146, 105, 9, '1.1.7.40', '511010', '13', 16000000),
(147, 105, 12, '1.2.1.1', '521002', '28.5', 250000),
(148, 105, 15, '4.2.9.1', '524002', '', 0),
(149, 106, 10, '1.1.8.1', '511006', '2.9', 3000000),
(150, 106, 1, '1.1.11.1', '521001', '57.1', 6300000),
(151, 106, 9, '1.1.7.40', '511010', '13', 24000000),
(152, 107, 11, '1.1.9.8', '521002', '8.2', 630000),
(153, 107, 13, '1.2.3.3.', '511007', '54.3', 2000000),
(154, 107, 8, '6.1.2.105', '521006', '57.2.1', 1800000),
(155, 108, 11, '1.1.9.8', '521002', '40.4.1.1.2', 150000),
(156, 108, 6, '1.1.4.3', '521001', '57.1', 3500000),
(157, 108, 6, '1.1.4.2', '511008', '11.3', 3000000),
(158, 109, 8, '6.1.2.101', '521006', '57.2.2', 750000),
(159, 109, 10, '1.1.8.4', '515001', '28.2', 8400000),
(160, 109, 18, '5.2.3.7', '521002', '8.2', 525000),
(161, 110, 13, '1.2.3.3.', '511006', '2.10', 500000),
(162, 110, 13, '1.2.3.3.', '524002', '40.3.1.3.2', 600000),
(163, 110, 9, '1.1.7.40', '511010', '13', 16000000),
(164, 111, 8, '1.2.7.1', '511013', '69.7', 200000),
(165, 111, 8, '6.1.2.108', '521002', '8.3', 1050000),
(166, 111, 9, '1.1.7.40', '511010', '13', 12000000),
(167, 114, 5, '1.1.4.1', '517002', '3.1', 375000),
(168, 114, 3, '1.1.3.1', '517001', '3.1', 450000),
(169, 114, 10, '1.1.8.1', '511006', '2.10', 1500000),
(170, 115, 5, '1.1.4.1', '517001', '3.1', 450000),
(171, 115, 15, '4.2.9.1', '521001', '57.1', 3500000),
(172, 115, 6, '1.1.4.3', '517002', '3.1', 375000),
(173, 116, 2, '1.1.2.3', '521001', '57.1', 1400000),
(174, 116, 2, '1.1.2.5', '511007', '54.1.4', 525000),
(175, 116, 6, '1.1.4.2', '511008', '11.4', 1000000),
(176, 117, 8, '6.1.2.105', '521002', '8.3', 875000),
(177, 117, 7, '1.1.5.1', '521002', '8.3', 1225000),
(178, 117, 7, '1.1.5.1', '511006', '2.9', 3600000),
(179, 118, 3, '1.1.3.1', '517001', '3.1', 225000),
(180, 118, 3, '1.1.3.1', '521006', '57.2.4', 600000),
(181, 118, 8, '6.1.2.103', '521001', '57.1', 2100000);

-- --------------------------------------------------------

--
-- Struktur dari tabel `rkat`
--

CREATE TABLE `rkat` (
  `id_rkat` int(11) NOT NULL,
  `tgl_kegiatan` date NOT NULL,
  `total_anggaran` int(11) NOT NULL
) ENGINE=InnoDB DEFAULT CHARSET=utf8mb4;

--
-- Dumping data untuk tabel `rkat`
--

INSERT INTO `rkat` (`id_rkat`, `tgl_kegiatan`, `total_anggaran`) VALUES
(2, '2022-06-01', 1120000),
(3, '2020-05-19', 14768000),
(5, '2020-01-07', 300000),
(6, '2020-01-12', 75000),
(7, '2020-01-18', 525000),
(8, '2020-02-07', 700000),
(9, '2020-02-10', 500000),
(11, '2020-02-20', 450000),
(12, '2020-03-03', 1250000),
(13, '2020-03-09', 14000000),
(14, '2020-03-14', 3750000),
(15, '2020-03-23', 2500000),
(16, '2020-03-27', 7500000),
(17, '2020-04-01', 525000),
(18, '2020-04-06', 8000000),
(20, '2020-04-16', 1800000),
(21, '2020-04-23', 360000),
(22, '2020-05-03', 1650000),
(23, '2020-05-07', 7056000),
(26, '2020-05-26', 900000),
(27, '2020-06-02', 340000),
(28, '2020-06-09', 1900000),
(29, '2020-06-14', 600000),
(31, '2020-06-28', 750000),
(32, '2020-07-02', 1400000),
(33, '2020-07-08', 525000),
(34, '2020-07-18', 6800000),
(35, '2020-07-25', 1400000),
(36, '2020-08-05', 5000000),
(37, '2020-08-09', 1575000),
(38, '2020-08-14', 600000),
(39, '2020-08-19', 600000),
(40, '2020-08-29', 8000000),
(41, '2020-09-02', 5000000),
(42, '2020-09-09', 300000),
(43, '2020-09-11', 6000000),
(44, '2020-09-17', 4750000),
(45, '2020-09-30', 7056000),
(46, '2020-10-08', 2400000),
(47, '2020-10-15', 1050000),
(48, '2020-10-16', 1800000),
(49, '2020-10-19', 1600000),
(50, '2020-11-06', 1120000),
(51, '2020-11-03', 8750000),
(52, '2020-11-11', 387500000),
(53, '2020-11-18', 6705000),
(54, '2020-11-25', 5250000),
(55, '2020-12-01', 25500000),
(56, '2020-12-10', 17250000),
(57, '2020-12-18', 12700000),
(58, '2020-12-21', 27525000),
(59, '2020-12-30', 13500000),
(60, '2021-01-04', 26594000),
(61, '2021-01-08', 3850000),
(62, '2021-01-21', 8000000),
(63, '2021-01-28', 3848000),
(64, '2021-01-31', 150000),
(65, '2021-02-11', 1050000),
(66, '2021-02-13', 2000000),
(67, '2021-02-19', 7098000),
(68, '2021-02-26', 1500000),
(69, '2021-02-28', 1300000),
(70, '2021-03-01', 4396000),
(71, '2021-03-11', 1250000),
(72, '2021-03-28', 1120000),
(73, '2021-03-30', 10500000),
(74, '2021-03-31', 2051000),
(75, '2021-04-03', 5964000),
(76, '2021-04-07', 1250000),
(77, '2021-04-22', 11225000),
(78, '2021-04-30', 55000000),
(79, '2021-04-29', 6594000),
(80, '2021-05-03', 3000000),
(81, '2021-05-07', 6050000),
(82, '2021-05-12', 5000000),
(83, '2021-05-21', 3000000),
(84, '2021-05-27', 588000),
(85, '2021-06-03', 4250000),
(86, '2021-06-10', 6500000),
(87, '2021-06-25', 2198000),
(88, '2021-06-27', 75350000),
(89, '2021-06-29', 1250000),
(90, '2021-06-30', 500000),
(91, '2021-07-03', 9500000),
(92, '2021-07-10', 30000000),
(93, '2021-07-17', 2500000),
(94, '2021-07-29', 37750000),
(96, '2021-08-03', 3450000),
(97, '2021-08-12', 2498000),
(98, '2021-08-23', 4650000),
(99, '2021-08-26', 3500000),
(100, '2021-08-31', 3528000),
(101, '2022-01-01', 1120000),
(102, '2021-09-09', 13675000),
(103, '2022-06-06', 6660000),
(104, '2022-05-08', 354200000),
(105, '2021-11-03', 16250000),
(106, '2022-02-27', 33300000),
(107, '2022-04-19', 4430000),
(108, '2022-04-22', 6650000),
(109, '2022-05-21', 9675000),
(110, '2022-02-26', 17100000),
(111, '2022-03-22', 13250000),
(114, '2021-12-31', 2325000),
(115, '2021-12-11', 4325000),
(116, '2021-10-05', 2925000),
(117, '2021-11-06', 5700000),
(118, '2021-10-22', 2925000);

--
-- Trigger `rkat`
--
DELIMITER $$
CREATE TRIGGER `tr_ajukan_rkat` AFTER INSERT ON `rkat` FOR EACH ROW BEGIN
if(NEW.id_rkat) is not null then
update pengajuan set
pengajuan.id_rkat=NEW.id_rkat
where id_rkat is null;
end if;
END
$$
DELIMITER ;
DELIMITER $$
CREATE TRIGGER `tr_realisasi_pagu` AFTER INSERT ON `rkat` FOR EACH ROW BEGIN
update pagu set
pagu.realisasi_anggaran=pagu.realisasi_anggaran+NEW.total_anggaran
where tahun =year(NEW.tgl_kegiatan);
END
$$
DELIMITER ;
DELIMITER $$
CREATE TRIGGER `tr_sisa_anggaran` AFTER INSERT ON `rkat` FOR EACH ROW BEGIN
update pagu set
pagu.sisa_anggaran=pagu.sisa_anggaran-NEW.total_anggaran
where tahun =year(NEW.tgl_kegiatan);
END
$$
DELIMITER ;

-- --------------------------------------------------------

--
-- Struktur dari tabel `sbu`
--

CREATE TABLE `sbu` (
  `kode_sbu` varchar(255) NOT NULL,
  `nama_sbu` varchar(255) NOT NULL,
  `nominal` int(11) NOT NULL
) ENGINE=InnoDB DEFAULT CHARSET=utf8mb4;

--
-- Dumping data untuk tabel `sbu`
--

INSERT INTO `sbu` (`kode_sbu`, `nama_sbu`, `nominal`) VALUES
('1.10.1.2', 'Honorarium kelompok kerja pemilihan unit kerja pengadaan barang(non-konstruksi)', 37520000),
('1.10.1.3', 'Honorarium kelompok kerja pemilihan unit kerja pengadaan jasa', 31540000),
('10.1.1', 'Narasumber/ Pembicara/Pembahas SEMINAR/ WORKSHOP/SARASEHAN/DISEMINASI/ RAKOR/SOSIALISASI/FOCUS GROUP DISSCUSSION(FGD)/KEGIATAN DOSEN TAMU/KEGIATAN SEJENIS Tingkat Lokal dan Nasional', 1700000),
('10.1.5.1', 'Sekretaris Sidang/Notulen SEMINAR/ WORKSHOP/SARASEHAN/DISEMINASI/ RAKOR/SOSIALISASI/FOCUS GROUP DISSCUSSION (FGD)/KEGIATAN DOSEN TAMU/KEGIATAN SEJENIS Tingkat Lokal dan Nasional', 350000),
('10.1.5.2', 'Ketua Sidang SEMINAR/ WORKSHOP/SARASEHAN/DISEMINASI/ RAKOR/SOSIALISASI/FOCUS GROUP DISSCUSSION(FGD)/KEGIATAN DOSEN TAMU/KEGIATAN SEJENIS Tingkat Lokal dan Nasional', 588000),
('10.1.5.3', 'Pembawa Acara SEMINAR/ WORKSHOP/SARASEHAN/DISEMINASI/ RAKOR/SOSIALISASI/FOCUS GROUP DISSCUSSION (FGD)/KEGIATAN DOSEN TAMU/KEGIATAN SEJENIS Tingkat Lokal dan Nasional', 350000),
('10.1.5.4', 'Moderator Seminar SEMINAR/ WORKSHOP/SARASEHAN/DISEMINASI/ RAKOR/SOSIALISASI/FOCUS GROUP DISSCUSSION(FGD)/KEGIATAN DOSEN TAMU/KEGIATAN SEJENIS Tingkat Lokal dan Nasional', 588000),
('10.1.5.5', 'Liaision Officer (LO)/Nasional SEMINAR/ WORKSHOP/SARASEHAN/DISEMINASI/ RAKOR/SOSIALISASI/FOCUS GROUP DISSCUSSION (FGD)/KEGIATAN DOSEN TAMU/KEGIATAN SEJENIS Tingkat Lokal dan Nasional', 350000),
('10.1.6', 'Fasilitator SEMINAR/ WORKSHOP/SARASEHAN/DISEMINASI/ RAKOR/SOSIALISASI/FOCUS GROUP DISSCUSSION(FGD)/KEGIATAN DOSEN TAMU/KEGIATAN SEJENIS Tingkat Lokal dan Nasional', 350000),
('10.1.6.7', 'Tenaga Medis SEMINAR/ WORKSHOP/SARASEHAN/DISEMINASI/ RAKOR/SOSIALISASI/FOCUS GROUP DISSCUSSION (FGD)/KEGIATAN DOSEN TAMU/KEGIATAN SEJENIS Tingkat Lokal dan Nasional', 350000),
('10.1.7', 'Panitia Pelaksana Seminar Nasional', 600000),
('10.2.1', 'Narasumber/ Pembicara/Pembahas SEMINAR/ WORKSHOP/SARASEHAN/DISEMINASI/ RAKOR/SOSIALISASI/FOCUS GROUP DISSCUSSION(FGD)/KEGIATAN DOSEN TAMU/KEGIATAN SEJENIS Tingkat Internasional', 3528000),
('10.2.3.2', 'Sekretaris Sidang/Notulen SEMINAR/ WORKSHOP/SARASEHAN/DISEMINASI/ RAKOR/SOSIALISASI/FOCUS GROUP DISSCUSSION (FGD)/KEGIATAN DOSEN TAMU/KEGIATAN SEJENIS Tingkat Internasional', 700000),
('10.2.3.3', 'Ketua Sidang SEMINAR/ WORKSHOP/SARASEHAN/DISEMINASI/ RAKOR/SOSIALISASI/FOCUS GROUP DISSCUSSION(FGD)/KEGIATAN DOSEN TAMU/KEGIATAN SEJENIS Tingkat Internasional', 1176000),
('10.2.3.4', 'Pembawa Acara SEMINAR/ WORKSHOP/SARASEHAN/DISEMINASI/ RAKOR/SOSIALISASI/FOCUS GROUP DISSCUSSION (FGD)/KEGIATAN DOSEN TAMU/KEGIATAN SEJENIS Tingkat Internasional', 432000),
('10.2.4', 'Fasilitator SEMINAR/ WORKSHOP/SARASEHAN/DISEMINASI/ RAKOR/SOSIALISASI/FOCUS GROUP DISSCUSSION(FGD)/KEGIATAN DOSEN TAMU/KEGIATAN SEJENIS Tingkat Internasional', 525000),
('10.2.4.6', 'Reviewer Abstrak SEMINAR/ WORKSHOP/SARASEHAN/DISEMINASI/ RAKOR/SOSIALISASI/FOCUS GROUP DISSCUSSION (FGD)/KEGIATAN DOSEN TAMU/KEGIATAN SEJENIS Tingkat Internasional', 500000),
('10.2.5', 'Panitia Seminar Internasional', 1762500),
('11.1', 'Auditor', 588000),
('11.2', 'Bantuan tenaga ahli auditor SPI', 5000000),
('11.3', 'Audit Penjaminan Mutu', 1000000),
('11.4', 'Kegiatan Audit Kearsipan', 500000),
('11.5', 'Audit Internal ISO', 500000),
('13', 'Honorarium pengembangan bahan ajar/rencana pembelajaran semester', 4000000),
('15.2.1', 'Tol dan parkir di Jakarta', 175000),
('15.2.2', 'Tol dan parkir ke bandara Soekarno-Hatta', 200000),
('15.2.3', 'Tol dan parkir wilayah kota Bandung, Kab. Bandung Barat, dan Kota Cimahi', 50000),
('15.2.4', 'Tol dan parkir wilayah lain di wilayah Jawa Barat(selain Jakarta, Soetta, Bandung)', 100000),
('15.2.5', 'Tol dan parkir wilayah lain di luar wilayah Jawa Barat(selain Jakarta, Soetta, Bandung)', 150000),
('16.1', 'Biaya sewa ruangan dan gedung pertemuan', 5000000),
('16.2', 'Biaya sewa kendaraan dan alat operasional lainnya', 29704000),
('16.3', 'Biaya sewa peralatan kantor', 5000000),
('16.4', 'Biaya sewa peralatan lainnya', 60750000),
('17', 'PENERJEMAHAN DARI BAHASA ASING DAN BAHASA LOKAL/ DAERAH KE BAHASA INDONESIA ATAU SEBALIKNYA', 150000),
('18.1', 'TIM PENYUSUNAN/PENGEMBANG Buletin/Majalah ', 2350000),
('18.2.1', 'TIM PENYUSUNAN/PENGEMBANG Jurnal/Prosiding Lokal', 4480000),
('18.2.1.1', 'Penanggung Jawab Jurnal/Prosiding Lokal', 700000),
('18.2.1.6', 'Reviewer naskah', 100000),
('18.2.1.7', 'Penyeleksi naskah', 350000),
('18.2.1.8', 'Sekretariat', 380000),
('18.2.2', 'TIM PENYUSUNAN/PENGEMBANG Jurnal/Prosiding Nasional', 6575000),
('18.2.2.1', 'Penanggung Jawab Jurnal/Prosiding Nasional', 800000),
('18.2.2.8', 'Sekretariat Jurnal/Prosiding Nasional', 400000),
('18.2.3', 'TIM PENYUSUNAN/PENGEMBANG Jurnal/Prosiding Internasional', 13350000),
('18.2.3.1', 'Penanggung Jawab Jurnal/Prosiding Internasional', 1500000),
('18.2.3.8', 'Sekretariat Jurnal/Prosiding Internasional', 700000),
('19.1', 'Publikasi Karya Ilmiah', 2500000),
('19.2', 'Honorarium Penerbitan Buku', 400000),
('19.3', 'Insentif HAKI', 5000000),
('19.4', 'Insentif Penulisan Buku dan Publikasi Lainnya', 10000000),
('19.5', 'Pencetakan ulang naskah buku', 5000000),
('2.1.1', 'HONORARIUM KEGIATAN AKREDITASI NASIONAL Tingkat Prodi/Departemen', 3000000),
('2.1.2', 'HONORARIUM KEGIATAN AKREDITASI NASIONAL Tingkat Fakultas/ Biro/ Direktorat/Kampus Daerah/ Sekolah Pasca Sarjana/ Arsip Universitas/ UPT Layanan Kesehatan / UPT Museum Pendidikan Nasional / Perpustakaan / dan Akreditasi Lainnya.', 2500000),
('2.1.3', 'HONORARIUM KEGIATAN AKREDITASI NASIONAL Tingkat Universitas', 5000000),
('2.1.4.3', 'Bantuan Akreditasi Nasional Pengguna Lulusan/Alumni', 1500000),
('2.1.4.4', 'Pembimbing Penyiapan Dokumen Bantuan Akreditasi Nasional', 2500000),
('2.10', 'Layanan Psikotest', 250000),
('2.11', 'KEGIATAN OLAHRAGA', 150000),
('2.2.1', 'HONORARIUM KEGIATAN AKREDITASI INTERNASIONAL Tingkat Prodi/Departemen', 4000000),
('2.2.2', 'HONORARIUM KEGIATAN AKREDITASI INTERNASIONAL Tingkat Fakultas/Kampus Daerah/Sekolah Pascasarjana', 3500000),
('2.2.3', 'Bantuan Akreditasi Internasional Pengguna Lulusan/Alumni', 2000000),
('2.2.5', 'Pembimbing Penyiapan Dokumen Bantuan Akreditasi Internasional', 400000),
('2.3.1', 'HONORARIUM KEGIATAN ISO Tingkat Prodi/Departemen', 1500000),
('2.3.2', 'HONORARIUM KEGIATAN ISO Tingkat Fakultas/Biro/Direktorat/Badan/Lembaga/Kampus Daerah/Sekolah Pascasarjana/Arsip', 2000000),
('2.4.1', 'Honorarium Instruktur PPG', 170000),
('2.4.2', 'Honorarium Admin Pembelajaran Daring', 425000),
('2.4.7', 'Honorarium Pembuat Soal UTL PPG', 25000),
('2.5', 'HONORARIUM PIU', 3000000),
('2.6.1', 'HONORARIUM KEGIATAN PENYUSUNAN LAPORAN KINERJA/LAPORAN TAHUNAN/TENGAH TAHUNAN/LAPORAN KEUANGAN/STANDAR UNIVERSITAS/PENYUSUNAN RKAT/PENYUSUNAN DAN PENETAPAN PAGU/PENYUSUNAN STANDAR BIAYA UMUM (SBU)/PENYUSUNAN PENETAPAN UKT/PENYUSUNAN KURIKULUM/PENYUSUNAN P', 2500000),
('2.6.2', 'HONORARIUM KEGIATAN PENYUSUNAN LAPORAN KINERJA/LAPORAN TAHUNAN/TENGAH TAHUNAN/LAPORAN KEUANGAN/STANDAR UNIVERSITAS/PENYUSUNAN RKAT/PENYUSUNAN DAN PENETAPAN PAGU/PENYUSUNAN STANDAR BIAYA UMUM (SBU)/PENYUSUNAN PENETAPAN UKT/PENYUSUNAN KURIKULUM/PENYUSUNAN P', 750000),
('2.6.3', 'HONORARIUM KEGIATAN PENYUSUNAN LAPORAN KINERJA/LAPORAN TAHUNAN/TENGAH TAHUNAN/LAPORAN KEUANGAN/STANDAR UNIVERSITAS/PENYUSUNAN RKAT/PENYUSUNAN DAN PENETAPAN PAGU/PENYUSUNAN STANDAR BIAYA UMUM (SBU)/PENYUSUNAN PENETAPAN UKT/PENYUSUNAN KURIKULUM/PENYUSUNAN P', 750000),
('2.7', 'HONORARIUM TIM PELAKSANA KEGIATAN', 600000),
('2.8.1', 'Honorarium Tim Monitoring dan Evaluasi', 1000000),
('2.9', 'HONORARIUM PANITIA ACARA/KEGIATAN', 600000),
('20', 'BANTUAN MENGIKUTI SEMINAR DENGAN PROSIDING TERINDEKS SCOPUS', 55000000),
('21.1', 'Honorarium Tim Pengelola Website', 400000),
('21.1.7', 'Pembuat Artikel KEGIATAN TEKNOLOGI KOMUNIKASI DAN INFORMASI', 150000),
('21.1.8', 'Honorarium Tim Pengelola Website Operator Sistem', 250000),
('21.2', 'Honorarium Pelaksana Kegiatan Pengembangan Sistem', 1164000),
('21.3', 'Honorarium Tim Pengelola Sistem', 400000),
('21.4', 'DIGITASI (ALIH MEDIA)', 1465000),
('23.1', 'Publikasi Video Pembelajaran/Profil UPI', 11450000),
('23.2.1', 'Pagelaran Seni Tignkat Nasional', 6950000),
('23.2.2', 'Pagelaran Seni Tignkat Internasional', 12750000),
('24.1', 'Tenaga Harian Lepas Pekerjaan Pemeliharaan', 150000),
('27', 'KEGIATAN PENDIDIKAN DAN PELATIHAN', 1200000),
('27.2.3', 'Peserta diklat di lingkungan UPI', 75000),
('28.2', 'Pembinaan motivasi dan peningkatan kinerja pegawai', 2100000),
('28.5', 'Uang kopi petugas keamanan', 50000),
('28.6', 'Uang Makan sahur petugas keamanan', 40000),
('3.1', 'Uang Lembur Aparatur Sipil Negara (ASN)/PNS/Pegawai Tetap', 75000),
('3.2', 'Uang Lembur Pegawai Tidak Tetap', 17000),
('3.3', 'Uang Makan Lembur Aparatur Sipil Negara (ASN)/PNS/Pegawai Tetap/ Pegawai Tidak Tetap', 148000),
('3.3.5', 'Makan Lembur (Konsumsi Lembur)', 45000),
('32', 'BANTUAN TES DAN UJI KOMPETENSI', 7000000),
('35.2', 'Ketua PENERIMAAN MAHASISWA BARU SELEKSI MANDIRI (SM) UPI', 1300000),
('35.32', 'Pelaksanaan Tes Keterampilan', 400000),
('35.33', 'Interviewer PENERIMAAN MAHASISWA BARU SELEKSI MANDIRI (SM) UPI', 100000),
('35.34', 'Honorarium Pemantapan Uang Kuliah Tunggal dan penyelesaian masalah terkait dengan mahasiswa baru', 35000),
('35.35', 'Pelaksanaan Tes Dan Kursus Bahasa di Balai Bahasa', 175000),
('35.36', 'Pelaksanaan Rekrutmen Pegawai/Seleksi Pejabat UPI', 100000),
('35.37', 'Pelaksanaan Test Kemampuan Bidang Rekruitment CPNS/Pegawai Tetap UPI', 100000),
('35.38', 'Pewawancara Seleksi Pejabat', 2000000),
('35.39', 'Pemeriksaan Hasil Tes Kompetensi Bidang ( TKB) Rekrutmen Pegawai Tetap UPI', 750000),
('35.40.1', 'Honorarium Pengelola SP di Fakultas (10%)', 500000),
('36', 'PENGHAPUSAN ASET', 500000),
('37', 'HONORARIUM PENGELOLA SISTEM AKUNTANSI INSTANSI (SAI)', 350000),
('38', 'HONORARIUM PENGELOLAAN ASET', 300000),
('39', 'PENGURUSAN ASET TANAH', 600000),
('4', 'UANG SAKU RAPAT/SIDANG/PLENO/RAPAT KERJA (RAKER)/RAPAT KOORDINASI (RAKOR)', 950000),
('40.1', 'Pembimbing akademik', 100000),
('40.2', 'Pembimbing Tugas Akhir', 300000),
('40.3.1.3.2', 'Biaya perjalanan pengujian dari luar Bandung', 300000),
('40.4.1.1.1', 'Penguji/penelaah maks 3 (tiga ) orang Seminar Proposal Penelitian/Skripsi', 200000),
('40.4.1.1.2', 'Seminar Proposal Penelitian/Skripsi Konsumsi', 50000),
('40.4.2', 'Penguji maks. 3 (tiga) orang (dibayar oleh prodi) Pelaksanaan Ujian Sidang Program Diploma dan Sarjana', 200000),
('40.4.2.4', 'Pelaksanaan Ujian Sidang Program Diploma dan Sarjana Konsumsi', 50000),
('40.5.1.1', 'PEMBIMBING AKADEMIK/TUGAS AKHIR DAN PENGUJI Program Magister (S2)', 250000),
('40.5.1.2', 'PEMBIMBING AKADEMIK/TUGAS AKHIR DAN PENGUJI Program Doktor (S3)', 300000),
('40.5.1.2.10', 'Transport lokal dosen penguji luar Bandung', 250000),
('40.5.1.2.8', 'Transport lokal dosen penguji luar/tamu', 100000),
('40.5.1.2.9', 'Biaya akomodasi penguji dari luar', 100000),
('40.6.1', 'PEMBIMBING AKADEMIK/TUGAS AKHIR DAN PENGUJI Program Magister (S2) Non Reguler', 300000),
('40.6.2', 'PEMBIMBING AKADEMIK/TUGAS AKHIR DAN PENGUJI Program doktor (S3) Non Reguler', 375000),
('41.1.1', 'Kelas Reguler PELAKSANAAN UJIAN TULIS (UTS/UAS) DIPLOMA/SARJANA/PASCASARJANA', 250000),
('41.1.2', 'Kelas Internasional PELAKSANAAN UJIAN TULIS (UTS/UAS) DIPLOMA/SARJANA/PASCASARJANA', 260000),
('41.2', 'Pascasarjana PELAKSANAAN UJIAN TULIS (UTS/UAS) DIPLOMA/SARJANA/PASCASARJANA', 270000),
('41.2.3', 'Honor mengawas Ujian Pascasarjana', 170000),
('42', 'PEMBIMBING KEGIATAN KEMAHASISWAAN/REVIEWER PROPOSAL', 500000),
('43', 'Bantuan kegiatan kemahasiswaan', 14000000),
('44', 'Bantuan kegiatan kompetisi mahasiswa', 54000000),
('45.1.4', 'Tim Pembina/Tim Pembimbing PENGHARGAAN KEJUARAAN MAHASISWA Internal', 1000000),
('45.2.4', 'Tim Pembina/Tim Pembimbing PENGHARGAAN KEJUARAAN MAHASISWA Regional', 2000000),
('45.3.4', 'Tim Pembina/Tim Pembimbing PENGHARGAAN KEJUARAAN MAHASISWA Nasional', 2500000),
('45.4.4', 'Tim Pembina/Tim Pembimbing PENGHARGAAN KEJUARAAN MAHASISWA Internasional', 5000000),
('46.2', 'Penilai/reviewer/evaluator kegiatan kemahasiswaan', 200000),
('47.1', 'Honorarium mahasiswa paruh waktu', 75000),
('47.2', 'Honorarium mahasiswa paruh waktu keahlian khusus tingkat universitas', 100000),
('47.3', 'Honorarium mahasiswa paruh waktu', 500000),
('47.4', 'Honorarium mahasiswa paruh waktu keahlian khusus tingkat universitas', 2000000),
('48.3.1', 'Penguji/Penilai tenaga ahli (Psikolog) dari luar', 500000),
('5', 'PENILAI ANGKA KREDIT', 300000),
('5.2', 'Penilaian Usulan Guru Besar', 2000000),
('50', 'Honorarium kegiatan reviewer proposal/pelaksanaan penelitian/pengabdian', 350000),
('51', 'SATUAN BIAYA HIBAH SKEMA PENELITIAN DAN PENGABDIAN KEPADA MASYARAKAT', 50000000),
('52', 'HONORARIUM PENELITIAN DAN BANTUAN PENULISAN PROPOSAL PENELITIAN', 1120000),
('52.1', 'Asisten Peneliti', 500000),
('52.2', 'Bantuan Penulisan Proposal Penelitian dan Pengabdian', 1750000),
('53.1', 'Kuliah Kerja Nyata (KKN)', 1000000),
('53.1.7', 'Transportasi(Perjalanan dinas)', 300000),
('53.2.1', 'Insentif guru pamong/dosen luar biasa Praktek Pengenalan Lapangan (PPL)/Praktek Kerja Lapangan (PKL)', 150000),
('53.2.2', 'Insentif dosen pembimbing Praktek Pengenalan Lapangan (PPL)/Praktek Kerja Lapangan (PKL)', 250000),
('53.2.6', 'Transport guru pamong', 50000),
('53.2.7', 'Transport dosen pembimbing', 100000),
('53.2.8', 'Insentif ujian guru pamong Praktek Pengenalan Lapangan (PPL)/Praktek Kerja Lapangan (PKL)', 25000),
('53.2.9', 'Insentif ujian dosen pembimbing Praktek Pengenalan Lapangan (PPL)/Praktek Kerja Lapangan (PKL)', 50000),
('54.1', 'Dosen tamu (Visiting Professor/Guest Lecture) PT Luar Negeri', 15800000),
('54.1.3', 'Akomodasi', 5000000),
('54.1.4', 'Dokter Pendidik Klinis', 175000),
('54.2', 'Dosen Tamu PT dalam negeri', 7500000),
('54.3', 'Insentif Mengajar dan pendamping', 1000000),
('57.1', 'Biaya Pembuatan Spanduk/Banner/Baliho', 700000),
('57.2', 'Biaya Bahan Cetakan', 1200000),
('57.2.1', 'Brosur', 300000),
('57.2.2', 'Kop Surat', 150000),
('57.2.3', 'Memo 1/2 Folio isi 100 lembar', 150000),
('57.2.4', 'Kartu nama', 300000),
('57.2.5', 'New Top', 100000),
('57.2.6', 'Stoffmap', 100000),
('57.2.7', 'Stempel', 100000),
('58', 'PENGELOLA PRODI Bidang kemahasiswaan', 750000),
('59.1', 'SATUAN KENDALI MUTU (SKM) Pascasarjana', 2000000),
('59.2', 'SATUAN KENDALI MUTU (SKM) Fakultas/Kampus Daerah', 1000000),
('6.1', 'Rapat Rutin', 300000),
('6.2', 'Sidang/Pleno Majelis Wali Amanat', 8100000),
('60', 'GUGUS KENDALI MUTU (GKM)', 600000),
('61', 'KELOMPOK BIDANG KAJIAN/KEAHLIAN (KBK)', 250000),
('62', 'KEPALA LABORATORIUM/PUSAT LAYANAN', 500000),
('63', 'KEGIATAN TEST KEBUGARAN PEGAWAI', 250000),
('64', 'INSENTIF KEAMANAN DAN KETERTIBAN KAMPUS', 350000),
('65.1', 'Tunjangan pranata kearsipan', 250000),
('66', 'FINALISASI PERATURAN/KEPUTUSAN/MoU REKTOR', 1000000),
('67.1', 'Honorarium pengelola kepegawaian di direktorat/biro', 250000),
('68', 'PENGELOLA SPs', 2000000),
('69.17', 'Penguji Luar Disertasi Mhs. Asing Dalam Kota Bandung', 1500000),
('69.18', 'Penguji Luar Disertasi Mhs. Asing Luar Kota Bandung', 2000000),
('69.19', 'Reviu Disertasi Mhs. Asing', 1000000),
('69.2', 'Anggota KOMISI SEKOLAH PASCASARJANA', 1000000),
('69.7', 'Pembimbing Akademik Mhs. Asing', 100000),
('7', 'RAPAT/SIDANG/PLENO/RAKER/RAKOR DALAM KANTOR UNTUK SENAT AKADEMIK, DEWAN GURU BESAR,DAN KOMITE AUDIT', 1250000),
('7.3', 'Prosesi Upacara Universitas', 500000),
('71', 'Biaya Kegiatan di luar kantor', 2198000),
('72', 'Tarif uang harian fullboard/fullday/halfday', 12750000),
('73.1', 'Biaya perjalanan dinas dalam negri(selain Jawa Barat)', 3525000),
('73.1.12', 'Biaya perjalanan dalam negri Jawa Barat', 820000),
('73.2', 'Biaya transport kegiatan dalam kabupaten/kota pergi pulang(PP)', 150000),
('73.3', 'Uang representasi', 550000),
('74', 'Tarif biaya penginapan dinas dalam negri', 32500000),
('75.1', 'Biaya perjalanan dinas luar negri', 25000000),
('8.1', 'KONSUMSI PENYELENGGARAAN RAPAT ATAU PERTEMUAN LAIN Berbentuk Box', 65000),
('8.2', 'KONSUMSI PENYELENGGARAAN RAPAT ATAU PERTEMUAN LAIN Prasmanan', 105000),
('8.3', 'KONSUMSI PENYELENGGARAAN RAPAT ATAU PERTEMUAN LAIN Mengundang Pejabat Tingkat Menteri/Eselon I/Pihak Eksternal/Swasta', 175000),
('8.4', 'KONSUMSI PENYELENGGARAAN RAPAT ATAU PERTEMUAN LAIN Jamuan Tamu Kerumahtanggaan', 120000),
('9.1', 'UANG MAKAN PEGAWAI Tidak Tetap', 35000),
('9.2', 'UANG MAKAN PEGAWAI Tetap', 113000),
('9.3', 'UANG MAKAN PEGAWAI Aparatur Sipil Negara/PNS', 35000);

-- --------------------------------------------------------

--
-- Struktur dari tabel `spj`
--

CREATE TABLE `spj` (
  `id_spj` int(11) NOT NULL,
  `kegiatan` varchar(255) NOT NULL,
  `bukti` text NOT NULL
) ENGINE=InnoDB DEFAULT CHARSET=utf8mb4;

--
-- Dumping data untuk tabel `spj`
--

INSERT INTO `spj` (`id_spj`, `kegiatan`, `bukti`) VALUES
(2, 'Uang saku Rapat/FGD/Lokakarya', 'Undangan; Daftar hadir; Notula'),
(3, 'Uang Saku Rapat di luar jam kerja-RDK (Sesuai SBU)', 'Undangan; Daftar hadir; Notula;Bukti finger print'),
(4, 'Honorarium Panitia Kegiatan', ' Undangan ; Daftar hadir ; Notula ; Bukti finger print'),
(5, 'Honorarium Panitia Kegiatan', ' Surat Tugas/SK; Laporan kegiatan/Output Kegiatan; Dokumentasi kegiatan; Daftar penerima honorarium yang mencantumkan jabatan dalam kegiatan tersebut, satuan dan tarif sesuai SBU'),
(6, 'Honorarium Narasumber (Internal dan Eksternal UPI) ', ' Surat Tugas Narasumber (Internal UPI); Surat Kesediaan menjadi narasumber (Eksternal UPI); Rundown Acara; Materi; Curriculum Vitae (untuk Pakar/Praktisi) '),
(7, 'Uang Lembur dan Uang Makan Lembur ', 'Surat Tugas Pimpinan Unit; Bukti finger print; Laporan & dokumentasi lembur; Rincian Perhitungan Uang Lembur; Surat Ijin (untuk lembur lebih dari 14 jam dalam seminggu) '),
(8, 'Perjalanan dinas dalam kota (Transport Lokal atau Uang Harian)', 'Surat Tugas/Surat Ijin; Bukti Kunjungan (cap/ttd tempat tujuan); Dokumentasi ditempat tujuan; Bukti DL dari SIMPEG (untuk uang harian lebih dari 8 jam)'),
(9, 'Perjalanan dinas luar kota', 'Surat tugas/Surat ijin; SPPD; Boarding Pass; Bukti pembayaran akomodasi (tiket, bill hotel); Bukti pembelian BBM; Bukti pembayaran tol; SPPD Rampung (sesuai dengan pengeluaran riil); Dokumentasi Perjalanan Dinas di tempat tujuan (foto)'),
(10, 'Perjalanan dinas luar negeri ', 'Surat tugas; Dokumen perizinan dari Setneg; Invitation letter (surat undangan); Bukti kehadiran di LN (SPPD LN); Tiket pesawat (Receipt dan Boarding Pass); Kuitansi tanda terima uang harian LN dan biaya perjalanan dinas lain; Laporan perjalanan LN/laporan kegiatan; Bukti kontrak, apabila menggunakan EO; Dokumentasi Perjalanan Dinas di tempat tujuan (foto) '),
(11, 'Pembelian konsumsi', 'Struk/cash register; Daftar Undangan; Daftar hadir/penerima konsumsi sesuai dengan jumlah undangan '),
(12, 'Bantuan/hibah ', 'SK penetapan hibah; Kontrak hibah; Lembar pengesahan (Hibah Penelitian); Daftar pembayaran yang ditandatangani penerima bantuan/hibah; Laporan pendukung dari penerima bantuan/hibah; Bukti Submit (Hibah Penelitian) '),
(13, 'Rapat di luar kantor (dalam atau luar kota)', 'Undangan; Daftar Hadir; Bukti pembayaran paket rapat; Bukti pembayaran uang saku rapat; Bukti pembayaran transport; Notula rapat; Dokumentasi rapat'),
(14, 'Kegiatan diluar kantor (dalam atau luar kota', 'Surat yang diajukan oleh unit kepada Rektor atau Wakil Rektor untuk dibuatkan Surat Ijin/Rekomendasi yang menerangkan bahwa tidak ada fasilitas di UPI yang memadai untuk pelaksanaan kegiatan tersebut; Undangan - Daftar hadir; Bukti Pembayaran halfday/fullday/fullboard; Output kegiatan; Dokumentasi pelaksanaan kegiatan '),
(15, 'Pembayaran insentif penulisan buku ber-ISBN ', 'SK; Fotocopy cover depan belakang, kata pengantar, dan daftar isi; Surat rekomendasi Wakil Rektor yang membidangi'),
(16, 'Belanja barang/jasa s.d. Rp.50.000.000,- ', 'Struk/cash register; Kuitansi apabila dalam struk/cash register harga belum termasuk pajak; Bukti serah terima barang'),
(17, 'Belanja barang/jasa di atas Rp.50.000.000,- s.d. Rp.200.000.000,- ', 'Kuitansi yang telah ditandatangani oleh penyedia barang dan pejabat pengadaan/PPK; Kontrak/Surat Perintah Kerja (SPK) Pengadaan Barang/jasa; Jaminan Bank dan Keterangan Bank; Berita Acara Pemeriksaan; Berita Acara Serah Terima; Berita Acara Pembayaran; NPWP dan Faktur Pajak; Dokumen lain yang dipersyaratkan dalam kontrak/SPK (Dokumen Asli)'),
(18, 'Pengadaan barang/jasa di atas Rp.200.000.000,-', 'Bukti perjanjian/ringkasan kontrak dan kontrak; Referensi Bank yang menunjukkan nama dan nomor rekening penyedia barang/jasa; Berita Acara Pemeriksaan Pekerjaan; Berita Acara Serah Terima Pekerjaan/ Barang; Berita Acara Pembayaran; Kuitansi yang telah ditandatangani oleh penyedia barang/jasa dan PPK; Faktur pajak beserta Surat Setoran Pajak (SSP) yang telah ditandatangani oleh Wajib Pajak/Bendahara Pengeluaran; Jaminan yang dikeluarkan oleh bank atau lembaga keuangan lainnya sebagaimana dipersyaratkan dalam peraturan perundangan tentang pengadaan barang/jasa pemerintah; Dokumen lain yang dipersyaratkan didalam perjanjian/kontrak (Dokumen Asli) ');

-- --------------------------------------------------------

--
-- Struktur untuk view `dsa_perbulan`
--
DROP TABLE IF EXISTS `dsa_perbulan`;

CREATE ALGORITHM=UNDEFINED DEFINER=`root`@`localhost` SQL SECURITY DEFINER VIEW `dsa_perbulan`  AS SELECT year(`rkat`.`tgl_kegiatan`) AS `tahun_rkat`, (select `pagu`.`anggaran_awal` from `pagu` where `pagu`.`tahun` = `tahun_rkat`) AS `pagu_awal`, min(case when month(`rkat`.`tgl_kegiatan`) = 1 then (select round(sum(`rkat`.`total_anggaran`) * 100 / `pagu`.`anggaran_awal`,2) from (`rkat` join `pagu`) where month(`rkat`.`tgl_kegiatan`) = 1 and year(`rkat`.`tgl_kegiatan`) = `tahun_rkat` and `pagu`.`tahun` = `tahun_rkat`) else NULL end) AS `jan`, min(case when month(`rkat`.`tgl_kegiatan`) = 2 then (select round(sum(`rkat`.`total_anggaran`) * 100 / `pagu`.`anggaran_awal`,2) from (`rkat` join `pagu`) where month(`rkat`.`tgl_kegiatan`) = 2 and year(`rkat`.`tgl_kegiatan`) = `tahun_rkat` and `pagu`.`tahun` = `tahun_rkat`) else NULL end) AS `feb`, min(case when month(`rkat`.`tgl_kegiatan`) = 3 then (select round(sum(`rkat`.`total_anggaran`) * 100 / `pagu`.`anggaran_awal`,2) from (`rkat` join `pagu`) where month(`rkat`.`tgl_kegiatan`) = 3 and year(`rkat`.`tgl_kegiatan`) = `tahun_rkat` and `pagu`.`tahun` = `tahun_rkat`) else NULL end) AS `mar`, min(case when month(`rkat`.`tgl_kegiatan`) = 4 then (select round(sum(`rkat`.`total_anggaran`) * 100 / `pagu`.`anggaran_awal`,2) from (`rkat` join `pagu`) where month(`rkat`.`tgl_kegiatan`) = 4 and year(`rkat`.`tgl_kegiatan`) = `tahun_rkat` and `pagu`.`tahun` = `tahun_rkat`) else NULL end) AS `apr`, min(case when month(`rkat`.`tgl_kegiatan`) = 5 then (select round(sum(`rkat`.`total_anggaran`) * 100 / `pagu`.`anggaran_awal`,2) from (`rkat` join `pagu`) where month(`rkat`.`tgl_kegiatan`) = 5 and year(`rkat`.`tgl_kegiatan`) = `tahun_rkat` and `pagu`.`tahun` = `tahun_rkat`) else NULL end) AS `may`, min(case when month(`rkat`.`tgl_kegiatan`) = 6 then (select round(sum(`rkat`.`total_anggaran`) * 100 / `pagu`.`anggaran_awal`,2) from (`rkat` join `pagu`) where month(`rkat`.`tgl_kegiatan`) = 6 and year(`rkat`.`tgl_kegiatan`) = `tahun_rkat` and `pagu`.`tahun` = `tahun_rkat`) else NULL end) AS `jun`, min(case when month(`rkat`.`tgl_kegiatan`) = 7 then (select round(sum(`rkat`.`total_anggaran`) * 100 / `pagu`.`anggaran_awal`,2) from (`rkat` join `pagu`) where month(`rkat`.`tgl_kegiatan`) = 7 and year(`rkat`.`tgl_kegiatan`) = `tahun_rkat` and `pagu`.`tahun` = `tahun_rkat`) else NULL end) AS `jul`, min(case when month(`rkat`.`tgl_kegiatan`) = 8 then (select round(sum(`rkat`.`total_anggaran`) * 100 / `pagu`.`anggaran_awal`,2) from (`rkat` join `pagu`) where month(`rkat`.`tgl_kegiatan`) = 8 and year(`rkat`.`tgl_kegiatan`) = `tahun_rkat` and `pagu`.`tahun` = `tahun_rkat`) else NULL end) AS `aug`, min(case when month(`rkat`.`tgl_kegiatan`) = 9 then (select round(sum(`rkat`.`total_anggaran`) * 100 / `pagu`.`anggaran_awal`,2) from (`rkat` join `pagu`) where month(`rkat`.`tgl_kegiatan`) = 9 and year(`rkat`.`tgl_kegiatan`) = `tahun_rkat` and `pagu`.`tahun` = `tahun_rkat`) else NULL end) AS `sep`, min(case when month(`rkat`.`tgl_kegiatan`) = 10 then (select round(sum(`rkat`.`total_anggaran`) * 100 / `pagu`.`anggaran_awal`,2) from (`rkat` join `pagu`) where month(`rkat`.`tgl_kegiatan`) = 10 and year(`rkat`.`tgl_kegiatan`) = `tahun_rkat` and `pagu`.`tahun` = `tahun_rkat`) else NULL end) AS `oct`, min(case when month(`rkat`.`tgl_kegiatan`) = 11 then (select round(sum(`rkat`.`total_anggaran`) * 100 / `pagu`.`anggaran_awal`,2) from (`rkat` join `pagu`) where month(`rkat`.`tgl_kegiatan`) = 11 and year(`rkat`.`tgl_kegiatan`) = `tahun_rkat` and `pagu`.`tahun` = `tahun_rkat`) else NULL end) AS `nov`, min(case when month(`rkat`.`tgl_kegiatan`) = 12 then (select round(sum(`rkat`.`total_anggaran`) * 100 / `pagu`.`anggaran_awal`,2) from (`rkat` join `pagu`) where month(`rkat`.`tgl_kegiatan`) = 12 and year(`rkat`.`tgl_kegiatan`) = `tahun_rkat` and `pagu`.`tahun` = `tahun_rkat`) else NULL end) AS `des` FROM `rkat` GROUP BY year(`rkat`.`tgl_kegiatan`) ;

-- --------------------------------------------------------

--
-- Struktur untuk view `dsa_pertahun`
--
DROP TABLE IF EXISTS `dsa_pertahun`;

CREATE ALGORITHM=UNDEFINED DEFINER=`root`@`localhost` SQL SECURITY DEFINER VIEW `dsa_pertahun`  AS SELECT `pagu`.`tahun` AS `tahun`, `pagu`.`anggaran_awal` AS `anggaran_awal`, `pagu`.`realisasi_anggaran` AS `realisasi_anggaran`, `pagu`.`realisasi_anggaran`* 100 / `pagu`.`anggaran_awal` AS `realisasipersen`, `pagu`.`sisa_anggaran` AS `sisa_anggaran`, `pagu`.`sisa_anggaran`* 100 / `pagu`.`anggaran_awal` AS `sisaanggaranpersen` FROM `pagu` ORDER BY `pagu`.`tahun` ASC ;

--
-- Indexes for dumped tables
--

--
-- Indeks untuk tabel `iku`
--
ALTER TABLE `iku`
  ADD PRIMARY KEY (`kode_iku`);

--
-- Indeks untuk tabel `kegiatan`
--
ALTER TABLE `kegiatan`
  ADD PRIMARY KEY (`kode_kegiatan`),
  ADD KEY `kode_iku` (`kode_iku`);

--
-- Indeks untuk tabel `kegiatandanmak`
--
ALTER TABLE `kegiatandanmak`
  ADD KEY `kode_kegiatan` (`kode_kegiatan`),
  ADD KEY `kode_mak` (`kode_mak`);

--
-- Indeks untuk tabel `mak`
--
ALTER TABLE `mak`
  ADD PRIMARY KEY (`kode_mak`);

--
-- Indeks untuk tabel `makdansbu`
--
ALTER TABLE `makdansbu`
  ADD KEY `kode_mak` (`kode_mak`),
  ADD KEY `kode_sbu` (`kode_sbu`);

--
-- Indeks untuk tabel `pagu`
--
ALTER TABLE `pagu`
  ADD PRIMARY KEY (`id_pagu`);

--
-- Indeks untuk tabel `pengajuan`
--
ALTER TABLE `pengajuan`
  ADD PRIMARY KEY (`id_pengajuan`);

--
-- Indeks untuk tabel `rkat`
--
ALTER TABLE `rkat`
  ADD PRIMARY KEY (`id_rkat`);

--
-- Indeks untuk tabel `sbu`
--
ALTER TABLE `sbu`
  ADD PRIMARY KEY (`kode_sbu`);

--
-- Indeks untuk tabel `spj`
--
ALTER TABLE `spj`
  ADD PRIMARY KEY (`id_spj`);

--
-- AUTO_INCREMENT untuk tabel yang dibuang
--

--
-- AUTO_INCREMENT untuk tabel `pagu`
--
ALTER TABLE `pagu`
  MODIFY `id_pagu` int(11) NOT NULL AUTO_INCREMENT, AUTO_INCREMENT=4;

--
-- AUTO_INCREMENT untuk tabel `pengajuan`
--
ALTER TABLE `pengajuan`
  MODIFY `id_pengajuan` int(11) NOT NULL AUTO_INCREMENT, AUTO_INCREMENT=182;

--
-- AUTO_INCREMENT untuk tabel `rkat`
--
ALTER TABLE `rkat`
  MODIFY `id_rkat` int(11) NOT NULL AUTO_INCREMENT, AUTO_INCREMENT=119;

--
-- AUTO_INCREMENT untuk tabel `spj`
--
ALTER TABLE `spj`
  MODIFY `id_spj` int(11) NOT NULL AUTO_INCREMENT, AUTO_INCREMENT=19;

--
-- Ketidakleluasaan untuk tabel pelimpahan (Dumped Tables)
--

--
-- Ketidakleluasaan untuk tabel `kegiatan`
--
ALTER TABLE `kegiatan`
  ADD CONSTRAINT `kegiatan_ibfk_1` FOREIGN KEY (`kode_iku`) REFERENCES `iku` (`kode_iku`);

--
-- Ketidakleluasaan untuk tabel `kegiatandanmak`
--
ALTER TABLE `kegiatandanmak`
  ADD CONSTRAINT `kegiatandanmak_ibfk_1` FOREIGN KEY (`kode_kegiatan`) REFERENCES `kegiatan` (`kode_kegiatan`),
  ADD CONSTRAINT `kegiatandanmak_ibfk_2` FOREIGN KEY (`kode_mak`) REFERENCES `mak` (`kode_mak`);

--
-- Ketidakleluasaan untuk tabel `makdansbu`
--
ALTER TABLE `makdansbu`
  ADD CONSTRAINT `makdansbu_ibfk_1` FOREIGN KEY (`kode_mak`) REFERENCES `mak` (`kode_mak`),
  ADD CONSTRAINT `makdansbu_ibfk_2` FOREIGN KEY (`kode_sbu`) REFERENCES `sbu` (`kode_sbu`);
COMMIT;

/*!40101 SET CHARACTER_SET_CLIENT=@OLD_CHARACTER_SET_CLIENT */;
/*!40101 SET CHARACTER_SET_RESULTS=@OLD_CHARACTER_SET_RESULTS */;
/*!40101 SET COLLATION_CONNECTION=@OLD_COLLATION_CONNECTION */;
